id,section,start,duration_s,priority,mode,lyric,shot,camera,action,acting,on_screen,sound,transition,gen_route,keyframe_prompt,motion_prompt,note
"PR-01","Intro","-0:03.0","3.0","P1","gag","(3 seconds of silence before the music)","ECU","Locked on the dashboard GPS screen","Silence. A stylized GPS screen in a parked car. The destination field types out ‘HOME’. A GPS voice says ‘Starting route.’ A Spinda keychain swings gently at the edge of frame.","—","Destination: HOME","GPS voice: “Starting route.”","Music starts; snap into IN-01 on the first chop","Editor","Simple doodle comic style (locked look: mauve ink + accent colours): clean smooth black ink outlines of even medium weight, very simple faces with small line or dot eyes, simple expressive mouths and little blush marks, chibi proportions with big heads and small bodies, mostly white fills with flat dusty mauve-pink shading on hair and shadows, small flat muted accent colours only on key items (muted mustard yellow for Tiff's cardigan, muted teal (dark cyan) for Adrian's hoodie, cream with red spots for Spinda), no gradients, hand-drawn sparkle, sweat-drop and impact marks, exaggerated comic reactions, settings drawn simply in the same line style, thin mauve border frame. Flat cartoon GPS navigation screen inside a car dashboard, blue route line, arrow icon, a cream Spinda keychain hanging at the edge of frame. 16:9 frame, consistent character design, no text, no letters, no logos, no watermark, leave clean space for overlays added in edit.","Motion graphics in the editor over a generated dashboard plate.","Pre-roll before the song. It mirrors the ‘Recalculating…’ tag after the song ends."
"IN-01","Intro","0:00.0","1.7","P2","gag","(vocal-chop intro)","ECU","Snap-zoom on a dashboard GPS screen, one beat per chop","A stylized GPS screen. Blue arrow on a route. The destination field reads ‘HOME’. A Spinda keychain swings into frame.","—","Title in GPS font: RECALCULATING · Destination: HOME","Soft GPS chime on the first chop","Match-cut the arrow to the real car","Editor","Simple doodle comic style (locked look: mauve ink + accent colours): clean smooth black ink outlines of even medium weight, very simple faces with small line or dot eyes, simple expressive mouths and little blush marks, chibi proportions with big heads and small bodies, mostly white fills with flat dusty mauve-pink shading on hair and shadows, small flat muted accent colours only on key items (muted mustard yellow for Tiff's cardigan, muted teal (dark cyan) for Adrian's hoodie, cream with red spots for Spinda), no gradients, hand-drawn sparkle, sweat-drop and impact marks, exaggerated comic reactions, settings drawn simply in the same line style, thin mauve border frame. Flat cartoon GPS navigation screen inside a car dashboard, blue route line, arrow icon, a cream Spinda keychain swinging at the edge of frame. 16:9 frame, consistent character design, no text, no letters, no logos, no watermark, leave clean space for overlays added in edit.","Make this as motion graphics in the editor; only the background dashboard needs generating.",""
"IN-02","Intro","0:01.7","1.6","P3","gag","(vocal-chop intro)","WS","High wide, fast push toward the windshield","A cute little car on a sunny suburban road. Two silhouettes inside, one holding a phone up high.","—","","","Push through the windshield into V1-01 on the first sung word","T2V","Simple doodle comic style (locked look: mauve ink + accent colours): clean smooth black ink outlines of even medium weight, very simple faces with small line or dot eyes, simple expressive mouths and little blush marks, chibi proportions with big heads and small bodies, mostly white fills with flat dusty mauve-pink shading on hair and shadows, small flat muted accent colours only on key items (muted mustard yellow for Tiff's cardigan, muted teal (dark cyan) for Adrian's hoodie, cream with red spots for Spinda), no gradients, hand-drawn sparkle, sweat-drop and impact marks, exaggerated comic reactions, settings drawn simply in the same line style, thin mauve border frame. A small rounded cartoon car driving down a sunny suburban street, blue sky, fluffy clouds, two people visible inside, passenger holding a phone up high. 16:9 frame, consistent character design, no text, no letters, no logos, no watermark, leave clean space for overlays added in edit.","Car drives left to right; camera pushes quickly toward the windshield.",""
"V1-01","Verse 1","0:03.3","3.7","P1","gag","You’re in the passenger seat, phone held high,","MS two-shot","Through the windshield, locked","Tiff in the passenger seat, phone held high above her face, totally absorbed and comfortable, feet up. Adrian driving, both hands on the wheel, eyes flicking sideways.","Tiff: blissful. Adrian: already slightly concerned.","","","Cut","I2V","Simple doodle comic style (locked look: mauve ink + accent colours): clean smooth black ink outlines of even medium weight, very simple faces with small line or dot eyes, simple expressive mouths and little blush marks, chibi proportions with big heads and small bodies, mostly white fills with flat dusty mauve-pink shading on hair and shadows, small flat muted accent colours only on key items (muted mustard yellow for Tiff's cardigan, muted teal (dark cyan) for Adrian's hoodie, cream with red spots for Spinda), no gradients, hand-drawn sparkle, sweat-drop and impact marks, exaggerated comic reactions, settings drawn simply in the same line style, thin mauve border frame. Inside a small car seen through the windshield. Tiff, a cheerful woman, [HAIR — e.g. long wavy hair], no glasses, about the same height as Adrian, cosy muted mustard yellow cardigan, striped socks with mustard stripes, phone almost always in hand with a small Spinda plush keychain hanging from it on a short strap in the passenger seat, holding her phone up high, absorbed and happy, feet up on the dash. Adrian, a lanky man, [HAIR — e.g. short messy hair], no glasses, about the same height as Tiff, muted teal (dark cyan) hoodie, tired-but-fond eyes, deadpan expression by default driving, both hands on the wheel, glancing sideways at her with mild concern. 16:9 frame, consistent character design, no text, no letters, no logos, no watermark, leave clean space for overlays added in edit.","Subtle car sway, phone screen glow flickers on her face, his eyes dart from road to her and back twice.",""
"V1-02","Verse 1","0:07.0","1.9","P1","gag","I’m asking, “Which turn?”—","CU","Adrian’s profile, fork in the road ahead","Adrian asks. A road fork with two blank signs looms through the windshield.","Adrian: polite urgency.","Speech bubble: “Which turn?”","Bubble pop","Whip-pan to phone","I2V","Simple doodle comic style (locked look: mauve ink + accent colours): clean smooth black ink outlines of even medium weight, very simple faces with small line or dot eyes, simple expressive mouths and little blush marks, chibi proportions with big heads and small bodies, mostly white fills with flat dusty mauve-pink shading on hair and shadows, small flat muted accent colours only on key items (muted mustard yellow for Tiff's cardigan, muted teal (dark cyan) for Adrian's hoodie, cream with red spots for Spinda), no gradients, hand-drawn sparkle, sweat-drop and impact marks, exaggerated comic reactions, settings drawn simply in the same line style, thin mauve border frame. Close-up of Adrian, a lanky man, [HAIR — e.g. short messy hair], no glasses, about the same height as Tiff, muted teal (dark cyan) hoodie, tired-but-fond eyes, deadpan expression by default driving, turning his head toward the passenger seat, mouth open asking a question, a road fork with two signs ahead through the windshield. 16:9 frame, consistent character design, no text, no letters, no logos, no watermark, leave clean space for overlays added in edit.","He turns his head and speaks; road fork approaches.",""
"V1-03","Verse 1","0:08.9","1.9","P1","gag","—while you’re catching pokemon","OTS insert","Over Tiff’s shoulder onto her phone screen","On the phone: a ball is flicked, lands, wobbles once, twice, three times… caught. Stars burst. Tiff does a tiny chibi fist pump.","Tiff: total focus, then triumph. She doesn’t hear him.","Stars + ‘Gotcha!’ style burst (draw a generic ball, not real game UI)","Three wobble clicks + sparkle","Cut","I2V","Simple doodle comic style (locked look: mauve ink + accent colours): clean smooth black ink outlines of even medium weight, very simple faces with small line or dot eyes, simple expressive mouths and little blush marks, chibi proportions with big heads and small bodies, mostly white fills with flat dusty mauve-pink shading on hair and shadows, small flat muted accent colours only on key items (muted mustard yellow for Tiff's cardigan, muted teal (dark cyan) for Adrian's hoodie, cream with red spots for Spinda), no gradients, hand-drawn sparkle, sweat-drop and impact marks, exaggerated comic reactions, settings drawn simply in the same line style, thin mauve border frame. Over-the-shoulder view of a phone screen held up in a car, a cartoon catch ball wobbling on the screen with a cute creature, Tiff, a cheerful woman, [HAIR — e.g. long wavy hair], no glasses, about the same height as Adrian, cosy muted mustard yellow cardigan, striped socks with mustard stripes, phone almost always in hand with a small Spinda plush keychain hanging from it on a short strap's thumb mid-flick. 16:9 frame, consistent character design, no text, no letters, no logos, no watermark, leave clean space for overlays added in edit.","Ball wobbles three times, sparkle burst, she pumps her fist in chibi style.","Keep the game UI stylized and generic. It reads clearly and avoids AI tools mangling real Pokémon GO screens."
"V1-04","Verse 1","0:10.8","3.3","P1","gag","Then the exit slips by,","MS, side window","Slow motion, sign slides past camera","A green highway sign ‘EXIT 41’ glides past the window in slow motion. Adrian’s head turns to follow it like a sad tennis spectator.","Adrian: silent grief. Tiff: unaware.","Sign: EXIT 41","Slow-mo whoosh","Cut","I2V","Simple doodle comic style (locked look: mauve ink + accent colours): clean smooth black ink outlines of even medium weight, very simple faces with small line or dot eyes, simple expressive mouths and little blush marks, chibi proportions with big heads and small bodies, mostly white fills with flat dusty mauve-pink shading on hair and shadows, small flat muted accent colours only on key items (muted mustard yellow for Tiff's cardigan, muted teal (dark cyan) for Adrian's hoodie, cream with red spots for Spinda), no gradients, hand-drawn sparkle, sweat-drop and impact marks, exaggerated comic reactions, settings drawn simply in the same line style, thin mauve border frame. Side view through a car window, a green highway exit sign gliding past, Adrian, a lanky man, [HAIR — e.g. short messy hair], no glasses, about the same height as Tiff, muted teal (dark cyan) hoodie, tired-but-fond eyes, deadpan expression by default turning his head to follow it with a despairing deadpan face, Tiff, a cheerful woman, [HAIR — e.g. long wavy hair], no glasses, about the same height as Adrian, cosy muted mustard yellow cardigan, striped socks with mustard stripes, phone almost always in hand with a small Spinda plush keychain hanging from it on a short strap beside him looking at her phone. 16:9 frame, consistent character design, no text, no letters, no logos, no watermark, leave clean space for overlays added in edit.","Slow-motion: the sign drifts past right to left; his head rotates slowly to track it.","‘EXIT 41’ is a birthday easter egg that pays off at the cake. Add the sign text in the edit if the model garbles it."
"V1-05","Verse 1","0:14.2","4.4","P2","gag","while Cindy gets the play-by-play reply.","Insert, phone","Phone fills frame; Adrian reflected in the screen","Notification from Cindy. Tiff types at blurring speed, live-reporting the missed exit. Adrian’s deadpan face reflects in the glass.","Tiff: gleeful narrator.","Cindy: “omg where r u now” → Tiff: “we missed the exit 😂😂 he’s doing the face”","PING (the film’s one notification sound)","Cut to triptych on the downbeat","Editor","Simple doodle comic style (locked look: mauve ink + accent colours): clean smooth black ink outlines of even medium weight, very simple faces with small line or dot eyes, simple expressive mouths and little blush marks, chibi proportions with big heads and small bodies, mostly white fills with flat dusty mauve-pink shading on hair and shadows, small flat muted accent colours only on key items (muted mustard yellow for Tiff's cardigan, muted teal (dark cyan) for Adrian's hoodie, cream with red spots for Spinda), no gradients, hand-drawn sparkle, sweat-drop and impact marks, exaggerated comic reactions, settings drawn simply in the same line style, thin mauve border frame. Close-up of a phone screen in a car with a faint reflection of a deadpan man in the glass. 16:9 frame, consistent character design, no text, no letters, no logos, no watermark, leave clean space for overlays added in edit.","Build chat bubbles as motion graphics over a generated background plate.",""
"V1-06","Verse 1","0:18.6","3.2","P2","gag","Neisa, Thei, Mel know every twist,","Split screen ×3","Three panels pop in, one per name","Three chat windows: Neisa gasping, Thei eating popcorn, Mel zooming in on the screen. Group chat title: ‘🚗 LIVE UPDATES’. Each panel receives the same update at once.","Friends: invested like it’s a TV finale.","Avatars + names: Neisa · Thei · Mel","PING ×3, one per name","Cut","Editor","Simple doodle comic style (locked look: mauve ink + accent colours): clean smooth black ink outlines of even medium weight, very simple faces with small line or dot eyes, simple expressive mouths and little blush marks, chibi proportions with big heads and small bodies, mostly white fills with flat dusty mauve-pink shading on hair and shadows, small flat muted accent colours only on key items (muted mustard yellow for Tiff's cardigan, muted teal (dark cyan) for Adrian's hoodie, cream with red spots for Spinda), no gradients, hand-drawn sparkle, sweat-drop and impact marks, exaggerated comic reactions, settings drawn simply in the same line style, thin mauve border frame. Three cute cartoon avatar reaction faces: gasping, eating popcorn, leaning in close. 16:9 frame, consistent character design, no text, no letters, no logos, no watermark, leave clean space for overlays added in edit.","Avatars only; layout and bubbles in the editor.","The singer leaves small gaps between the three names, so each panel can pop on its own name. The friends are neutral avatars, not likenesses."
"V1-07","Verse 1","0:21.8","1.5","P1","gag","I’m circling the block like I planned it like this.","Top-down map","Locked overhead GPS view","The car icon loops the same block. The route line thickens with each lap. A lap counter ticks 1, 2, 3.","—","LAP 3 · ETA: ??","Lap beep each loop","Cut","Editor","Simple doodle comic style (locked look: mauve ink + accent colours): clean smooth black ink outlines of even medium weight, very simple faces with small line or dot eyes, simple expressive mouths and little blush marks, chibi proportions with big heads and small bodies, mostly white fills with flat dusty mauve-pink shading on hair and shadows, small flat muted accent colours only on key items (muted mustard yellow for Tiff's cardigan, muted teal (dark cyan) for Adrian's hoodie, cream with red spots for Spinda), no gradients, hand-drawn sparkle, sweat-drop and impact marks, exaggerated comic reactions, settings drawn simply in the same line style, thin mauve border frame. Top-down cartoon city block map, pastel streets, a single block highlighted. 16:9 frame, consistent character design, no text, no letters, no logos, no watermark, leave clean space for overlays added in edit.","Animate the car icon and route line in the editor. You’ll reuse this exact map in the Bridge reveal.",""
"V1-08","Verse 1","0:23.3","1.4","P1","gag","(same line)","CU","Front on Adrian, slight shake on the twitch","Adrian’s forced, serene smile. Knuckles white. Eye twitches. Outside the window, the same corner-store cat goes past for the third time; Tiff waves at it each lap.","Adrian: composure meter at 90%. Tiff: delighted by the cat.","","Tiny twitch ‘tink’","Smash cut home","I2V","Simple doodle comic style (locked look: mauve ink + accent colours): clean smooth black ink outlines of even medium weight, very simple faces with small line or dot eyes, simple expressive mouths and little blush marks, chibi proportions with big heads and small bodies, mostly white fills with flat dusty mauve-pink shading on hair and shadows, small flat muted accent colours only on key items (muted mustard yellow for Tiff's cardigan, muted teal (dark cyan) for Adrian's hoodie, cream with red spots for Spinda), no gradients, hand-drawn sparkle, sweat-drop and impact marks, exaggerated comic reactions, settings drawn simply in the same line style, thin mauve border frame. Front view of Adrian, a lanky man, [HAIR — e.g. short messy hair], no glasses, about the same height as Tiff, muted teal (dark cyan) hoodie, tired-but-fond eyes, deadpan expression by default driving with a tight, forced calm smile, knuckles white on the wheel, one eye twitching, a cat sitting outside a corner store visible through the window, Tiff, a cheerful woman, [HAIR — e.g. long wavy hair], no glasses, about the same height as Adrian, cosy muted mustard yellow cardigan, striped socks with mustard stripes, phone almost always in hand with a small Spinda plush keychain hanging from it on a short strap waving at the cat. 16:9 frame, consistent character design, no text, no letters, no logos, no watermark, leave clean space for overlays added in edit.","His eye twitches twice, the background loops past, she waves.",""
"V1-09","Verse 1","0:24.7","1.9","P2","gag","You’re scrolling the feed, but you won’t make a post,","MS","Couch, slow push-in on the phone","Couch at home. Tiff’s thumb scrolls a feed that rushes past like a slot machine. A tiny ‘+’ Create Post button with eyes waves at her.","Tiff: content zombie scroll.","Feed blur; the + button with eyes","","Cut to insert","I2V","Simple doodle comic style (locked look: mauve ink + accent colours): clean smooth black ink outlines of even medium weight, very simple faces with small line or dot eyes, simple expressive mouths and little blush marks, chibi proportions with big heads and small bodies, mostly white fills with flat dusty mauve-pink shading on hair and shadows, small flat muted accent colours only on key items (muted mustard yellow for Tiff's cardigan, muted teal (dark cyan) for Adrian's hoodie, cream with red spots for Spinda), no gradients, hand-drawn sparkle, sweat-drop and impact marks, exaggerated comic reactions, settings drawn simply in the same line style, thin mauve border frame. Tiff, a cheerful woman, [HAIR — e.g. long wavy hair], no glasses, about the same height as Adrian, cosy muted mustard yellow cardigan, striped socks with mustard stripes, phone almost always in hand with a small Spinda plush keychain hanging from it on a short strap curled on a couch scrolling her phone with a relaxed blank expression, phone glow on her face, a cat asleep on her legs. 16:9 frame, consistent character design, no text, no letters, no logos, no watermark, leave clean space for overlays added in edit.","Thumb scrolls fast; camera pushes slowly toward the phone.",""
"V1-10","Verse 1","0:26.6","1.8","P2","gag","(same line)","Insert, phone","Thumb hovers, then leaves","Her thumb hovers over the Post button. The button holds up a tiny ‘PLEASE’ sign. She… keeps scrolling. The button wilts.","Post button: hope → heartbreak.","+ button holds sign: PLEASE","Sad trombone (very short)","Hard cut to glamour","Editor","Simple doodle comic style (locked look: mauve ink + accent colours): clean smooth black ink outlines of even medium weight, very simple faces with small line or dot eyes, simple expressive mouths and little blush marks, chibi proportions with big heads and small bodies, mostly white fills with flat dusty mauve-pink shading on hair and shadows, small flat muted accent colours only on key items (muted mustard yellow for Tiff's cardigan, muted teal (dark cyan) for Adrian's hoodie, cream with red spots for Spinda), no gradients, hand-drawn sparkle, sweat-drop and impact marks, exaggerated comic reactions, settings drawn simply in the same line style, thin mauve border frame. Close-up of a thumb hovering over a phone screen. 16:9 frame, consistent character design, no text, no letters, no logos, no watermark, leave clean space for overlays added in edit.","Animate the button character in the editor so it stays on-model every time it returns.",""
"V1-11","Verse 1","0:28.4","5.1","P2","heart","Though my friends all agree you’re the prettiest boast.","MCU glamour","Slow orbit, wind machine","Suddenly a magazine cover: spotlight, wind-blown hair, sparkles. Hearts and like-counters from Adrian’s friends float up. In the foreground Adrian proudly shows her photo on his phone to the camera.","Tiff: effortless star. Adrian: proud husband.","Like counters climbing; optional cover title ‘PRETTIEST BOAST’","Camera shutter flurry","Flash-white to exterior","I2V","Simple doodle comic style (locked look: mauve ink + accent colours): clean smooth black ink outlines, very simple faces with small line or dot eyes and soft smiles, gentler and slightly less chibi proportions, mostly white fills with flat dusty mauve-pink shading plus a pale warm peach wash for lamp light or golden light, small flat muted accent colours only on key items (muted mustard yellow for Tiff's cardigan, muted teal (dark cyan) for Adrian's hoodie, cream with red spots for Spinda), no gradients, calm uncluttered composition, settings drawn simply in the same line style, thin mauve border frame. Glamorous magazine-cover style portrait of Tiff, a cheerful woman, [HAIR — e.g. long wavy hair], no glasses, about the same height as Adrian, cosy muted mustard yellow cardigan, striped socks with mustard stripes, phone almost always in hand with a small Spinda plush keychain hanging from it on a short strap, studio spotlight, wind-blown hair, sparkles and floating hearts, Adrian, a lanky man, [HAIR — e.g. short messy hair], no glasses, about the same height as Tiff, muted teal (dark cyan) hoodie, tired-but-fond eyes, deadpan expression by default in the foreground proudly holding up his phone showing her photo. 16:9 frame, consistent character design, no text, no letters, no logos, no watermark, leave clean space for overlays added in edit.","Slow orbit around her, hair blowing, hearts float upward.",""
"PC-01","Pre-Chorus","0:33.5","1.7","P1","gag","And when the weather turns hot,","WS → insert","Door opens, sun swells; insert thermometer","Tiff steps out the front door. The sun, which has a smug face, swells to fill half the sky. A thermometer’s red line shoots up and pops the top.","Sun: smug.","","Rising whistle → POP","Cut","I2V","Simple doodle comic style (locked look: mauve ink + accent colours): clean smooth black ink outlines of even medium weight, very simple faces with small line or dot eyes, simple expressive mouths and little blush marks, chibi proportions with big heads and small bodies, mostly white fills with flat dusty mauve-pink shading on hair and shadows, small flat muted accent colours only on key items (muted mustard yellow for Tiff's cardigan, muted teal (dark cyan) for Adrian's hoodie, cream with red spots for Spinda), no gradients, hand-drawn sparkle, sweat-drop and impact marks, exaggerated comic reactions, settings drawn simply in the same line style, thin mauve border frame. Tiff, a cheerful woman, [HAIR — e.g. long wavy hair], no glasses, about the same height as Adrian, cosy muted mustard yellow cardigan, striped socks with mustard stripes, phone almost always in hand with a small Spinda plush keychain hanging from it on a short strap stepping out of a front door into blazing sunshine, an enormous cartoon sun with a smug face filling the sky, heat shimmer. 16:9 frame, consistent character design, no text, no letters, no logos, no watermark, leave clean space for overlays added in edit.","The sun swells bigger; heat waves ripple.",""
"PC-02","Pre-Chorus","0:35.2","1.7","P1","gag","you forget what to do,","MS chibi","Locked","Tiff freezes, eyes turn into Spinda spirals, and she melts into a happy little puddle with a face.","Tiff: overwhelmed but cute, never miserable.","","Melting ‘bloop’","Cut","S+E","Simple doodle comic style (locked look: mauve ink + accent colours): clean smooth black ink outlines of even medium weight, very simple faces with small line or dot eyes, simple expressive mouths and little blush marks, chibi proportions with big heads and small bodies, mostly white fills with flat dusty mauve-pink shading on hair and shadows, small flat muted accent colours only on key items (muted mustard yellow for Tiff's cardigan, muted teal (dark cyan) for Adrian's hoodie, cream with red spots for Spinda), no gradients, hand-drawn sparkle, sweat-drop and impact marks, exaggerated comic reactions, settings drawn simply in the same line style, thin mauve border frame. START: chibi Tiff, a cheerful woman, [HAIR — e.g. long wavy hair], no glasses, about the same height as Adrian, cosy muted mustard yellow cardigan, striped socks with mustard stripes, phone almost always in hand with a small Spinda plush keychain hanging from it on a short strap standing in blazing sun with dizzy spiral eyes. END: the same chibi character melted into a cute puddle with her face on top. 16:9 frame, consistent character design, no text, no letters, no logos, no watermark, leave clean space for overlays added in edit.","She wobbles, eyes spiral, and melts down into a puddle.","First appearance of the spiral eyes. They get explained in Verse 2 (‘He’s confused like me’)."
"PC-03","Pre-Chorus","0:36.9","3.6","P2","gag","One sunny afternoon and I’m navigating you.","WS tracking","Side-on tracking, adventure-film map inserts","Expedition parody: Adrian in a pith helmet with a compass leads the way. Tiff follows under a parasol with a mini fan and iced drink, holding his shirt tail. A map insert shows a dotted route hopping between shade spots.","Adrian: finally the navigator, smug. Tiff: half-melted, trusting.","Map insert: dotted route from shade to shade","Adventure-film sting","Iris to palace","I2V","Simple doodle comic style (locked look: mauve ink + accent colours): clean smooth black ink outlines of even medium weight, very simple faces with small line or dot eyes, simple expressive mouths and little blush marks, chibi proportions with big heads and small bodies, mostly white fills with flat dusty mauve-pink shading on hair and shadows, small flat muted accent colours only on key items (muted mustard yellow for Tiff's cardigan, muted teal (dark cyan) for Adrian's hoodie, cream with red spots for Spinda), no gradients, hand-drawn sparkle, sweat-drop and impact marks, exaggerated comic reactions, settings drawn simply in the same line style, thin mauve border frame. Side view: Adrian, a lanky man, [HAIR — e.g. short messy hair], no glasses, about the same height as Tiff, muted teal (dark cyan) hoodie, tired-but-fond eyes, deadpan expression by default in a pith helmet holding a compass, confidently leading through a sun-baked street; behind him Tiff, a cheerful woman, [HAIR — e.g. long wavy hair], no glasses, about the same height as Adrian, cosy muted mustard yellow cardigan, striped socks with mustard stripes, phone almost always in hand with a small Spinda plush keychain hanging from it on a short strap under a parasol with a handheld fan and an iced drink, holding his shirt tail. 16:9 frame, consistent character design, no text, no letters, no logos, no watermark, leave clean space for overlays added in edit.","Both walk left to right, hopping from shadow to shadow; heat shimmer.","Role reversal: in the car she can’t navigate; in the heat, he navigates her."
"PC-04","Pre-Chorus","0:40.5","3.9","P1","gag","The cats get the royal treatment, the softest little throne—","WS","Slow tilt up a red carpet to the thrones","Miso and Tofu on velvet thrones with crowns. The other seven cats line the red carpet as a royal court. Tiff fans the two kings with a palm leaf and serves salmon on a silver tray. A tiny chandelier.","Cats: bored royalty. Tiff: devoted servant.","","Harp gliss","Cut to dining room","I2V","Simple doodle comic style (locked look: mauve ink + accent colours): clean smooth black ink outlines of even medium weight, very simple faces with small line or dot eyes, simple expressive mouths and little blush marks, chibi proportions with big heads and small bodies, mostly white fills with flat dusty mauve-pink shading on hair and shadows, small flat muted accent colours only on key items (muted mustard yellow for Tiff's cardigan, muted teal (dark cyan) for Adrian's hoodie, cream with red spots for Spinda), no gradients, hand-drawn sparkle, sweat-drop and impact marks, exaggerated comic reactions, settings drawn simply in the same line style, thin mauve border frame. Miso, a chubby black tabby cat, and Tofu, a fluffy round white cat: the two stars of the couple’s nine cats, smug and extremely spoiled sitting on tiny velvet thrones wearing crowns, a miniature red carpet and chandelier, Tiff, a cheerful woman, [HAIR — e.g. long wavy hair], no glasses, about the same height as Adrian, cosy muted mustard yellow cardigan, striped socks with mustard stripes, phone almost always in hand with a small Spinda plush keychain hanging from it on a short strap kneeling and fanning them with a palm leaf while offering salmon on a silver tray. 16:9 frame, consistent character design, no text, no letters, no logos, no watermark, leave clean space for overlays added in edit.","Camera tilts up the carpet to the thrones; one cat flicks its tail regally.",""
"PC-05","Pre-Chorus","0:44.4","3.9","P1","gag","While I’m waiting for my dinner and text of my own.","WS → CU","Long dining table, single overhead light","Adrian alone at a long table, fork and knife upright, empty plate. He checks his phone: nothing. A tiny rain cloud forms over his head. Through the doorway behind him, the cats eat off fine china.","Adrian: tiny, lonely, dignified.","Phone: No new messages","Crickets; single raindrop","Hold into the build","I2V","Simple doodle comic style (locked look: mauve ink + accent colours): clean smooth black ink outlines of even medium weight, very simple faces with small line or dot eyes, simple expressive mouths and little blush marks, chibi proportions with big heads and small bodies, mostly white fills with flat dusty mauve-pink shading on hair and shadows, small flat muted accent colours only on key items (muted mustard yellow for Tiff's cardigan, muted teal (dark cyan) for Adrian's hoodie, cream with red spots for Spinda), no gradients, hand-drawn sparkle, sweat-drop and impact marks, exaggerated comic reactions, settings drawn simply in the same line style, thin mauve border frame. Adrian, a lanky man, [HAIR — e.g. short messy hair], no glasses, about the same height as Tiff, muted teal (dark cyan) hoodie, tired-but-fond eyes, deadpan expression by default sitting alone at the end of a long dining table under a single hanging lamp, empty plate, holding fork and knife upright, looking at his phone, a tiny rain cloud over his head; through a doorway behind him two cats eat from fine china. 16:9 frame, consistent character design, no text, no letters, no logos, no watermark, leave clean space for overlays added in edit.","He checks his phone, sighs; the rain cloud drips once.",""
"PC-06","Pre-Chorus","0:48.3","4.0","P1","gag","(4-second build into the chorus)","CU → MS","Push in on the phone, then follow him to the door","His phone finally lights up. It’s from Tiff. He stands, the rain cloud shrinks, he walks to the living-room door and grabs the handle on the last beat of the build.","Adrian: suspicion → hope.","Tiff: “come to the living room 🎉”","THE ping, then the build","Door flings open on the chorus drop","I2V","Simple doodle comic style (locked look: mauve ink + accent colours): clean smooth black ink outlines of even medium weight, very simple faces with small line or dot eyes, simple expressive mouths and little blush marks, chibi proportions with big heads and small bodies, mostly white fills with flat dusty mauve-pink shading on hair and shadows, small flat muted accent colours only on key items (muted mustard yellow for Tiff's cardigan, muted teal (dark cyan) for Adrian's hoodie, cream with red spots for Spinda), no gradients, hand-drawn sparkle, sweat-drop and impact marks, exaggerated comic reactions, settings drawn simply in the same line style, thin mauve border frame. Adrian, a lanky man, [HAIR — e.g. short messy hair], no glasses, about the same height as Tiff, muted teal (dark cyan) hoodie, tired-but-fond eyes, deadpan expression by default at a dining table looking at his lit-up phone with surprised hope, the small rain cloud above his head shrinking. 16:9 frame, consistent character design, no text, no letters, no logos, no watermark, leave clean space for overlays added in edit.","He stands up and walks toward a closed door, reaching for the handle.","New beat: the lyric says he’s waiting for a text, so he gets one, and it leads straight into the birthday party."
"C1-01","Chorus 1","0:52.3","2.8","P1","gag","Happy birthday, love, you’re my whole supply,","WS","Door bursts open; confetti cannon toward camera","The door opens onto a birthday party: banners, balloons, confetti cannon. Adrian rushes in with a gift and bear-hugs Tiff. The cats wear party hats, unimpressed.","Both: pure joy.","","Confetti cannon on the drop","Card flip","I2V","Simple doodle comic style (locked look: mauve ink + accent colours): clean smooth black ink outlines of even medium weight, very simple faces with small line or dot eyes, simple expressive mouths and little blush marks, chibi proportions with big heads and small bodies, mostly white fills with flat dusty mauve-pink shading on hair and shadows, small flat muted accent colours only on key items (muted mustard yellow for Tiff's cardigan, muted teal (dark cyan) for Adrian's hoodie, cream with red spots for Spinda), no gradients, hand-drawn sparkle, sweat-drop and impact marks, exaggerated comic reactions, settings drawn simply in the same line style, thin mauve border frame. Birthday party living room with banners, balloons and confetti, Adrian, a lanky man, [HAIR — e.g. short messy hair], no glasses, about the same height as Tiff, muted teal (dark cyan) hoodie, tired-but-fond eyes, deadpan expression by default bursting in with a wrapped gift and hugging Tiff, a cheerful woman, [HAIR — e.g. long wavy hair], no glasses, about the same height as Adrian, cosy muted mustard yellow cardigan, striped socks with mustard stripes, phone almost always in hand with a small Spinda plush keychain hanging from it on a short strap, two cats in party hats looking unimpressed. 16:9 frame, consistent character design, no text, no letters, no logos, no watermark, leave clean space for overlays added in edit.","Confetti bursts toward camera, he lifts her in a hug.",""
"C1-02","Chorus 1","0:55.1","2.8","P2","gag","My wardrobe expert, my style on the fly.","MS","Locked, outfits swap on beats","Card flips in: WARDROBE EXPERT. Tiff holds outfits up to Adrian like a paper doll: ✗, ✗… then a big ✓ and a chef’s kiss.","Tiff: decisive stylist. Adrian: mannequin.","Role card: WARDROBE EXPERT · ✗ ✗ ✓","Swish per outfit","Card flip","I2V","Simple doodle comic style (locked look: mauve ink + accent colours): clean smooth black ink outlines of even medium weight, very simple faces with small line or dot eyes, simple expressive mouths and little blush marks, chibi proportions with big heads and small bodies, mostly white fills with flat dusty mauve-pink shading on hair and shadows, small flat muted accent colours only on key items (muted mustard yellow for Tiff's cardigan, muted teal (dark cyan) for Adrian's hoodie, cream with red spots for Spinda), no gradients, hand-drawn sparkle, sweat-drop and impact marks, exaggerated comic reactions, settings drawn simply in the same line style, thin mauve border frame. Tiff, a cheerful woman, [HAIR — e.g. long wavy hair], no glasses, about the same height as Adrian, cosy muted mustard yellow cardigan, striped socks with mustard stripes, phone almost always in hand with a small Spinda plush keychain hanging from it on a short strap holding up different outfits against Adrian, a lanky man, [HAIR — e.g. short messy hair], no glasses, about the same height as Tiff, muted teal (dark cyan) hoodie, tired-but-fond eyes, deadpan expression by default who stands like a mannequin, clothes piled around, mirror behind. 16:9 frame, consistent character design, no text, no letters, no logos, no watermark, leave clean space for overlays added in edit.","Outfits swap rapidly, she rejects two then approves one with a chef’s kiss.",""
"C1-03","Chorus 1","0:57.9","2.7","P1","gag","My makeup artist, cosplay crew,","MS","F1 pit-stop framing, fast","Card: COSPLAY CREW. Adrian sits in a chair; four clones of Tiff swarm him like an F1 pit crew: makeup, wig, costume, props. Two seconds later he stands up in full cosplay.","Tiff ×4: focused pros. Adrian: stunned, transformed.","Role card: COSPLAY CREW · pit-stop timer 2.0s","Air-wrench zips","Card flip","S+E","Simple doodle comic style (locked look: mauve ink + accent colours): clean smooth black ink outlines of even medium weight, very simple faces with small line or dot eyes, simple expressive mouths and little blush marks, chibi proportions with big heads and small bodies, mostly white fills with flat dusty mauve-pink shading on hair and shadows, small flat muted accent colours only on key items (muted mustard yellow for Tiff's cardigan, muted teal (dark cyan) for Adrian's hoodie, cream with red spots for Spinda), no gradients, hand-drawn sparkle, sweat-drop and impact marks, exaggerated comic reactions, settings drawn simply in the same line style, thin mauve border frame. START: Adrian, a lanky man, [HAIR — e.g. short messy hair], no glasses, about the same height as Tiff, muted teal (dark cyan) hoodie, tired-but-fond eyes, deadpan expression by default in plain clothes in a chair surrounded by four copies of Tiff, a cheerful woman, [HAIR — e.g. long wavy hair], no glasses, about the same height as Adrian, cosy muted mustard yellow cardigan, striped socks with mustard stripes, phone almost always in hand with a small Spinda plush keychain hanging from it on a short strap with makeup brushes, a wig, fabric and props like a pit crew. END: Adrian, a lanky man, [HAIR — e.g. short messy hair], no glasses, about the same height as Tiff, muted teal (dark cyan) hoodie, tired-but-fond eyes, deadpan expression by default standing in a full Yugi Muto (Yu-Gi-Oh!) cosplay with spiky tri-colour hair and a duel disk, the four Tiffs posing proudly. 16:9 frame, consistent character design, no text, no letters, no logos, no watermark, leave clean space for overlays added in edit.","Fast pit-stop blur, then he stands transformed.","Their real cosplays: Adrian as Yugi (Yu-Gi-Oh!), Tiff as Dark Magician Girl. Reference photos go in Render Drop under ‘Ref: Cosplay’."
"C1-04","Chorus 1","1:00.6","2.8","P1","gag","My travel planner who gets us through.","MS → WS","Pull back from desk to train platform","Card: TRAVEL PLANNER. Tiff at a command centre of maps, train timetables and a colour-tabbed binder. Pull back: a train platform; she leads with a clipboard, perfectly on time. Adrian follows with four suitcases and a plush backpack.","Tiff: general. Adrian: pack mule, happy.","Role card: TRAVEL PLANNER","Station chime","Card flip","I2V","Simple doodle comic style (locked look: mauve ink + accent colours): clean smooth black ink outlines of even medium weight, very simple faces with small line or dot eyes, simple expressive mouths and little blush marks, chibi proportions with big heads and small bodies, mostly white fills with flat dusty mauve-pink shading on hair and shadows, small flat muted accent colours only on key items (muted mustard yellow for Tiff's cardigan, muted teal (dark cyan) for Adrian's hoodie, cream with red spots for Spinda), no gradients, hand-drawn sparkle, sweat-drop and impact marks, exaggerated comic reactions, settings drawn simply in the same line style, thin mauve border frame. Train platform, Tiff, a cheerful woman, [HAIR — e.g. long wavy hair], no glasses, about the same height as Adrian, cosy muted mustard yellow cardigan, striped socks with mustard stripes, phone almost always in hand with a small Spinda plush keychain hanging from it on a short strap confidently leading with a clipboard and a colour-tabbed itinerary binder, Adrian, a lanky man, [HAIR — e.g. short messy hair], no glasses, about the same height as Tiff, muted teal (dark cyan) hoodie, tired-but-fond eyes, deadpan expression by default behind her carrying four stacked suitcases and a backpack with a plush sticking out. 16:9 frame, consistent character design, no text, no letters, no logos, no watermark, leave clean space for overlays added in edit.","They stride toward camera as the train pulls in.","The flex that answers the car flop: she can’t read a map mid-drive, but she can plan a week to the minute."
"C1-05","Chorus 1","1:03.4","2.8","P2","gag","My photographer, chef—how’d I get so lucky?","Two cuts","Whip-pan between them","Card: PHOTOGRAPHER. Tiff lies on the ground for the angle, flash flash. Whip-pan. Card: CHEF. Wok flames, perfect plating. Adrian with sparkle eyes.","Adrian: amazed.","Role cards: PHOTOGRAPHER / CHEF","Shutter burst → sizzle","Freeze on the stop beat","I2V ×2","Simple doodle comic style (locked look: mauve ink + accent colours): clean smooth black ink outlines of even medium weight, very simple faces with small line or dot eyes, simple expressive mouths and little blush marks, chibi proportions with big heads and small bodies, mostly white fills with flat dusty mauve-pink shading on hair and shadows, small flat muted accent colours only on key items (muted mustard yellow for Tiff's cardigan, muted teal (dark cyan) for Adrian's hoodie, cream with red spots for Spinda), no gradients, hand-drawn sparkle, sweat-drop and impact marks, exaggerated comic reactions, settings drawn simply in the same line style, thin mauve border frame. A) Tiff, a cheerful woman, [HAIR — e.g. long wavy hair], no glasses, about the same height as Adrian, cosy muted mustard yellow cardigan, striped socks with mustard stripes, phone almost always in hand with a small Spinda plush keychain hanging from it on a short strap lying on the floor aiming a camera up at Adrian, a lanky man, [HAIR — e.g. short messy hair], no glasses, about the same height as Tiff, muted teal (dark cyan) hoodie, tired-but-fond eyes, deadpan expression by default, flash firing. B) Tiff, a cheerful woman, [HAIR — e.g. long wavy hair], no glasses, about the same height as Adrian, cosy muted mustard yellow cardigan, striped socks with mustard stripes, phone almost always in hand with a small Spinda plush keychain hanging from it on a short strap cooking with wok flames in a cosy kitchen, Adrian, a lanky man, [HAIR — e.g. short messy hair], no glasses, about the same height as Tiff, muted teal (dark cyan) hoodie, tired-but-fond eyes, deadpan expression by default watching with sparkling eyes. 16:9 frame, consistent character design, no text, no letters, no logos, no watermark, leave clean space for overlays added in edit.","A) flash pops twice. B) flames whoosh, she plates the dish with a flourish.",""
"C1-06","Chorus 1","1:06.2","3.9","P2","heart","You make this oddball life lovely.","WS tableau","Locked, slow pull back to a framed photo on the wall","The music stops for a beat, and the frame freezes with it. Then the living room with everything in it: cats, a few plushies, luggage, a cosplay wig on a lamp, phones, food. They laugh together on the couch. Pull back and the scene becomes a framed photo on the wall.","Both: happy in the chaos.","","","The photo frame shakes on the first chop","I2V","Simple doodle comic style (locked look: mauve ink + accent colours): clean smooth black ink outlines, very simple faces with small line or dot eyes and soft smiles, gentler and slightly less chibi proportions, mostly white fills with flat dusty mauve-pink shading plus a pale warm peach wash for lamp light or golden light, small flat muted accent colours only on key items (muted mustard yellow for Tiff's cardigan, muted teal (dark cyan) for Adrian's hoodie, cream with red spots for Spinda), no gradients, calm uncluttered composition, settings drawn simply in the same line style, thin mauve border frame. Cosy cluttered living room: Tiff, a cheerful woman, [HAIR — e.g. long wavy hair], no glasses, about the same height as Adrian, cosy muted mustard yellow cardigan, striped socks with mustard stripes, phone almost always in hand with a small Spinda plush keychain hanging from it on a short strap and Adrian, a lanky man, [HAIR — e.g. short messy hair], no glasses, about the same height as Tiff, muted teal (dark cyan) hoodie, tired-but-fond eyes, deadpan expression by default laughing together on the couch, two cats, a few Pokémon plushies, suitcases, a cosplay wig hanging on a lamp, phones and snacks on the table, warm light. 16:9 frame, consistent character design, no text, no letters, no logos, no watermark, leave clean space for overlays added in edit.","Slow pull back.","Lock this camera. Chorus 2 and the final chorus reuse this exact framing with more stuff added each time."
"DB1-01","Dance Break 1","1:10.1","5.3","P2","gag","(instrumental: vocal chops)","WS","Locked wide on the living room, cuts on the chops","Tiff and Adrian dance badly and happily in the living room; the cats join in, sort of. On every vocal chop, a plushie drops from the ceiling: bonk, bonk, bonk.","Both: goofy, in sync with nothing.","","Plush ‘bonk’ on each chop","Cut","I2V","Simple doodle comic style (locked look: mauve ink + accent colours): clean smooth black ink outlines of even medium weight, very simple faces with small line or dot eyes, simple expressive mouths and little blush marks, chibi proportions with big heads and small bodies, mostly white fills with flat dusty mauve-pink shading on hair and shadows, small flat muted accent colours only on key items (muted mustard yellow for Tiff's cardigan, muted teal (dark cyan) for Adrian's hoodie, cream with red spots for Spinda), no gradients, hand-drawn sparkle, sweat-drop and impact marks, exaggerated comic reactions, settings drawn simply in the same line style, thin mauve border frame. Tiff, a cheerful woman, [HAIR — e.g. long wavy hair], no glasses, about the same height as Adrian, cosy muted mustard yellow cardigan, striped socks with mustard stripes, phone almost always in hand with a small Spinda plush keychain hanging from it on a short strap and Adrian, a lanky man, [HAIR — e.g. short messy hair], no glasses, about the same height as Tiff, muted teal (dark cyan) hoodie, tired-but-fond eyes, deadpan expression by default dancing goofily in a cosy living room, two cats bouncing beside them, a few Pokémon plushies falling from the ceiling. 16:9 frame, consistent character design, no text, no letters, no logos, no watermark, leave clean space for overlays added in edit.","Bouncy dance; plushies drop one at a time and bounce off the floor.",""
"DB1-02","Dance Break 1","1:15.4","5.2","P2","gag","(instrumental: vocal chops)","WS → high angle","Crane up as the pile grows","The plushie rain turns into a downpour. The pile rises to their waists, then their shoulders. The last plushie lands on Adrian’s head. Camera cranes up to show every surface covered.","Tiff: thrilled. Adrian: drowning politely.","","Squeaky avalanche","Match-cut to a single chair (V2-01)","S+E","Simple doodle comic style (locked look: mauve ink + accent colours): clean smooth black ink outlines of even medium weight, very simple faces with small line or dot eyes, simple expressive mouths and little blush marks, chibi proportions with big heads and small bodies, mostly white fills with flat dusty mauve-pink shading on hair and shadows, small flat muted accent colours only on key items (muted mustard yellow for Tiff's cardigan, muted teal (dark cyan) for Adrian's hoodie, cream with red spots for Spinda), no gradients, hand-drawn sparkle, sweat-drop and impact marks, exaggerated comic reactions, settings drawn simply in the same line style, thin mauve border frame. START: the couple dancing as plushies fall. END: high-angle view of the living room filled shoulder-deep with plushies, Tiff, a cheerful woman, [HAIR — e.g. long wavy hair], no glasses, about the same height as Adrian, cosy muted mustard yellow cardigan, striped socks with mustard stripes, phone almost always in hand with a small Spinda plush keychain hanging from it on a short strap delighted, Adrian, a lanky man, [HAIR — e.g. short messy hair], no glasses, about the same height as Tiff, muted teal (dark cyan) hoodie, tired-but-fond eyes, deadpan expression by default with a plush on his head. 16:9 frame, consistent character design, no text, no letters, no logos, no watermark, leave clean space for overlays added in edit.","Plushies pour from above and fill the room.","Not in the lyrics: this fills the instrumental break and sets up the plushie verse."
"V2-01","Verse 2","1:20.6","3.5","P1","gag","Your plushies have taken every chair and shelf,","4 quick cuts","Same height, cut on beats","Adrian walks in with his (finally!) dinner plate looking for a seat: chair, plushie. Chair, plushie. Sofa, a wall of plushies. Bed, plushies tucked in under the duvet.","Adrian: disbelief rising each cut.","","Squeak per plush","Cut","I2V ×4","Simple doodle comic style (locked look: mauve ink + accent colours): clean smooth black ink outlines of even medium weight, very simple faces with small line or dot eyes, simple expressive mouths and little blush marks, chibi proportions with big heads and small bodies, mostly white fills with flat dusty mauve-pink shading on hair and shadows, small flat muted accent colours only on key items (muted mustard yellow for Tiff's cardigan, muted teal (dark cyan) for Adrian's hoodie, cream with red spots for Spinda), no gradients, hand-drawn sparkle, sweat-drop and impact marks, exaggerated comic reactions, settings drawn simply in the same line style, thin mauve border frame. Adrian, a lanky man, [HAIR — e.g. short messy hair], no glasses, about the same height as Tiff, muted teal (dark cyan) hoodie, tired-but-fond eyes, deadpan expression by default holding a dinner plate staring at a chair occupied by a big Pokémon plushie; variants: second chair, sofa piled with plushies, bed with plushies tucked under a duvet. 16:9 frame, consistent character design, no text, no letters, no logos, no watermark, leave clean space for overlays added in edit.","He approaches, stops, stares; plushie stares back.",""
"V2-02","Verse 2","1:24.1","3.5","P1","heart","And somehow there’s still room for someone else.","MS → CU","Shelf insert, then the couch","A tiny plushie squeezes into a packed shelf with a ‘pop’; the shelf creaks. Then Tiff, buried in plushies on the couch, pats the one free spot next to her. Adrian squeezes in. Plushies all around them.","Tiff: welcoming. Adrian: surrenders happily.","","Cork pop","Spotlight snap","I2V","Simple doodle comic style (locked look: mauve ink + accent colours): clean smooth black ink outlines, very simple faces with small line or dot eyes and soft smiles, gentler and slightly less chibi proportions, mostly white fills with flat dusty mauve-pink shading plus a pale warm peach wash for lamp light or golden light, small flat muted accent colours only on key items (muted mustard yellow for Tiff's cardigan, muted teal (dark cyan) for Adrian's hoodie, cream with red spots for Spinda), no gradients, calm uncluttered composition, settings drawn simply in the same line style, thin mauve border frame. Tiff, a cheerful woman, [HAIR — e.g. long wavy hair], no glasses, about the same height as Adrian, cosy muted mustard yellow cardigan, striped socks with mustard stripes, phone almost always in hand with a small Spinda plush keychain hanging from it on a short strap on a couch completely surrounded by Pokémon plushies, patting the one small empty spot beside her, smiling at Adrian, a lanky man, [HAIR — e.g. short messy hair], no glasses, about the same height as Tiff, muted teal (dark cyan) hoodie, tired-but-fond eyes, deadpan expression by default. 16:9 frame, consistent character design, no text, no letters, no logos, no watermark, leave clean space for overlays added in edit.","She pats the spot; he squeezes in; plushies wobble.","Both readings of ‘someone else’: one more plushie, and him. The second gives the verse a sweet beat."
"V2-03","Verse 2","1:27.6","3.4","P1","gag","Spinda’s your favorite, “He’s confused like me,”","Hero CU → MS","Spotlight snap, slow 180° orbit","Hero shot of Spinda in a spotlight. Tiff hugs it. Spinda wobble-dances, spiral eyes spinning; Tiff’s eyes go spiral to match. She points at it.","Tiff: kindred-spirit joy.","Bubble: “He gets me.”","Wobble ‘boing’","POOF","I2V","Simple doodle comic style (locked look: mauve ink + accent colours): clean smooth black ink outlines of even medium weight, very simple faces with small line or dot eyes, simple expressive mouths and little blush marks, chibi proportions with big heads and small bodies, mostly white fills with flat dusty mauve-pink shading on hair and shadows, small flat muted accent colours only on key items (muted mustard yellow for Tiff's cardigan, muted teal (dark cyan) for Adrian's hoodie, cream with red spots for Spinda), no gradients, hand-drawn sparkle, sweat-drop and impact marks, exaggerated comic reactions, settings drawn simply in the same line style, thin mauve border frame. a Spinda plush matching the Spinda reference images (cream body with red spots, spiral eyes), slightly lopsided and wobbly in a dramatic spotlight on a table, Tiff, a cheerful woman, [HAIR — e.g. long wavy hair], no glasses, about the same height as Adrian, cosy muted mustard yellow cardigan, striped socks with mustard stripes, phone almost always in hand with a small Spinda plush keychain hanging from it on a short strap hugging it with sparkling eyes. 16:9 frame, consistent character design, no text, no letters, no logos, no watermark, leave clean space for overlays added in edit.","The plush wobbles in a dizzy dance; her eyes turn into matching spirals; she points at it happily.","Pays off the spiral eyes from the heat gag."
"V2-04","Verse 2","1:31.0","2.0","P1","gag","And now every Spinda plushie","MS","Locked on table","One Spinda. POOF, two. POOF, three. Each has a different spot pattern.","—","","POOF ×2","Hard cut","S+E","Simple doodle comic style (locked look: mauve ink + accent colours): clean smooth black ink outlines of even medium weight, very simple faces with small line or dot eyes, simple expressive mouths and little blush marks, chibi proportions with big heads and small bodies, mostly white fills with flat dusty mauve-pink shading on hair and shadows, small flat muted accent colours only on key items (muted mustard yellow for Tiff's cardigan, muted teal (dark cyan) for Adrian's hoodie, cream with red spots for Spinda), no gradients, hand-drawn sparkle, sweat-drop and impact marks, exaggerated comic reactions, settings drawn simply in the same line style, thin mauve border frame. START: one a Spinda plush matching the Spinda reference images (cream body with red spots, spiral eyes), slightly lopsided and wobbly on a table. END: three Spinda plushies side by side, each with a different spot pattern, puff of cartoon smoke. 16:9 frame, consistent character design, no text, no letters, no logos, no watermark, leave clean space for overlays added in edit.","Two cartoon poofs, a plush appears with each.","There is a reason for the three, but the client is keeping it back for now. No labels until we hear it."
"V2-05","Verse 2","1:33.0","1.6","P1","gag","has to be three.","WS","Wave crashes toward camera","The whole room floods with Spindas. A wave knocks Adrian over. Tiff surfs the wave on a Spinda, delighted.","Adrian: horrified. Tiff: ecstatic.","","Wave crash of squeaks","Cut","I2V","Simple doodle comic style (locked look: mauve ink + accent colours): clean smooth black ink outlines of even medium weight, very simple faces with small line or dot eyes, simple expressive mouths and little blush marks, chibi proportions with big heads and small bodies, mostly white fills with flat dusty mauve-pink shading on hair and shadows, small flat muted accent colours only on key items (muted mustard yellow for Tiff's cardigan, muted teal (dark cyan) for Adrian's hoodie, cream with red spots for Spinda), no gradients, hand-drawn sparkle, sweat-drop and impact marks, exaggerated comic reactions, settings drawn simply in the same line style, thin mauve border frame. A living room flooded with hundreds of Spinda plushies like an ocean wave, Tiff, a cheerful woman, [HAIR — e.g. long wavy hair], no glasses, about the same height as Adrian, cosy muted mustard yellow cardigan, striped socks with mustard stripes, phone almost always in hand with a small Spinda plush keychain hanging from it on a short strap surfing on top delighted, Adrian, a lanky man, [HAIR — e.g. short messy hair], no glasses, about the same height as Tiff, muted teal (dark cyan) hoodie, tired-but-fond eyes, deadpan expression by default being swept away horrified. 16:9 frame, consistent character design, no text, no letters, no logos, no watermark, leave clean space for overlays added in edit.","Plush wave crashes toward camera.",""
"V2-06","Verse 2","1:34.6","3.7","P2","gag","You love your Pokémon cards, but not for combat,","CU","Desk lamp, macro on the card","Tiff in white gloves with a jeweller’s loupe examines a card like a diamond. Binders, sleeves, top-loaders, perfect rows.","Tiff: serious collector, reverent.","","Ting of a diamond","Cut","I2V","Simple doodle comic style (locked look: mauve ink + accent colours): clean smooth black ink outlines of even medium weight, very simple faces with small line or dot eyes, simple expressive mouths and little blush marks, chibi proportions with big heads and small bodies, mostly white fills with flat dusty mauve-pink shading on hair and shadows, small flat muted accent colours only on key items (muted mustard yellow for Tiff's cardigan, muted teal (dark cyan) for Adrian's hoodie, cream with red spots for Spinda), no gradients, hand-drawn sparkle, sweat-drop and impact marks, exaggerated comic reactions, settings drawn simply in the same line style, thin mauve border frame. Tiff, a cheerful woman, [HAIR — e.g. long wavy hair], no glasses, about the same height as Adrian, cosy muted mustard yellow cardigan, striped socks with mustard stripes, phone almost always in hand with a small Spinda plush keychain hanging from it on a short strap wearing white gloves and a jeweller's loupe, inspecting a trading card under a desk lamp, neat binders and card sleeves around her. 16:9 frame, consistent character design, no text, no letters, no logos, no watermark, leave clean space for overlays added in edit.","She tilts the card; it glints.",""
"V2-07","Verse 2","1:38.3","3.7","P2","gag","Training every week? Yeah, we don’t do that.","Two-shot","Locked","Adrian, excited, slaps a deck on a play mat: ‘Practice?’ Tiff blinks, slides the card back into its sleeve: ‘No thanks.’ A tumbleweed rolls across the mat.","Adrian: hopeful puppy. Tiff: polite, final.","Bubbles: “Practice?” / “No thanks.”","Tumbleweed wind","Lights slam on","I2V","Simple doodle comic style (locked look: mauve ink + accent colours): clean smooth black ink outlines of even medium weight, very simple faces with small line or dot eyes, simple expressive mouths and little blush marks, chibi proportions with big heads and small bodies, mostly white fills with flat dusty mauve-pink shading on hair and shadows, small flat muted accent colours only on key items (muted mustard yellow for Tiff's cardigan, muted teal (dark cyan) for Adrian's hoodie, cream with red spots for Spinda), no gradients, hand-drawn sparkle, sweat-drop and impact marks, exaggerated comic reactions, settings drawn simply in the same line style, thin mauve border frame. Adrian, a lanky man, [HAIR — e.g. short messy hair], no glasses, about the same height as Tiff, muted teal (dark cyan) hoodie, tired-but-fond eyes, deadpan expression by default eagerly holding out a deck of cards over a play mat, Tiff, a cheerful woman, [HAIR — e.g. long wavy hair], no glasses, about the same height as Adrian, cosy muted mustard yellow cardigan, striped socks with mustard stripes, phone almost always in hand with a small Spinda plush keychain hanging from it on a short strap calmly sliding a card into its sleeve, a tumbleweed rolling across the table. 16:9 frame, consistent character design, no text, no letters, no logos, no watermark, leave clean space for overlays added in edit.","He offers the deck; she shakes her head; tumbleweed rolls.",""
"V2-08","Verse 2","1:42.0","3.7","P1","epic","You’ve played in big league, you’ve battled with the best,","Low-angle WS","Slow-mo walk-out, lens flares","A huge tournament stage. Spotlights, a roaring crowd, confetti, a giant trophy. Tiff walks out in slow motion in sunglasses and a cape, deck in hand. The jumbotron shows her face.","Tiff: elite champion energy.","Jumbotron: TIFF · Banner: Pokémon Asia Championship Series 2025–26 · Indonesia · Master Ball League","Crowd roar","Freeze frame","I2V","Simple doodle comic style (locked look: mauve ink + accent colours), dramatic version: clean black ink outlines, very simple faces, chibi proportions, white fills with dusty mauve-pink shading, bold mauve speed lines and radiating burst lines, simple spotlight cone shapes, low angle, small flat accent colours only on key items (muted mustard yellow for Tiff's cardigan, muted teal (dark cyan) for Adrian's hoodie), no gradients, thin mauve border frame. Tiff, a cheerful woman, [HAIR — e.g. long wavy hair], no glasses, about the same height as Adrian, cosy muted mustard yellow cardigan, striped socks with mustard stripes, phone almost always in hand with a small Spinda plush keychain hanging from it on a short strap walking out onto a huge card-game tournament stage in slow motion wearing sunglasses and a cape, spotlights, cheering crowd, giant trophy, confetti. 16:9 frame, consistent character design, no text, no letters, no logos, no watermark, leave clean space for overlays added in edit.","Slow-motion walk toward camera, spotlights sweep, confetti falls.","Real event: Tiff competed at the 2025–26 Pokémon Asia Championship Series, Indonesia, Master Ball League (TCG). Put that on the banner in the edit."
"V2-09","Verse 2","1:45.7","1.9","P1","gag","But first-turn Supporters?","Graphic","Quiz card slams in","Freeze. A game-show question card slams into frame. Tiff slaps the buzzer with total confidence.","Tiff: certain.","Card: “You go first. Can you play a Supporter on Turn 1?” · Tiff: “YES!”","Slam + buzzer press","Cut","Editor","Simple doodle comic style (locked look: mauve ink + accent colours): clean smooth black ink outlines of even medium weight, very simple faces with small line or dot eyes, simple expressive mouths and little blush marks, chibi proportions with big heads and small bodies, mostly white fills with flat dusty mauve-pink shading on hair and shadows, small flat muted accent colours only on key items (muted mustard yellow for Tiff's cardigan, muted teal (dark cyan) for Adrian's hoodie, cream with red spots for Spinda), no gradients, hand-drawn sparkle, sweat-drop and impact marks, exaggerated comic reactions, settings drawn simply in the same line style, thin mauve border frame. Tiff, a cheerful woman, [HAIR — e.g. long wavy hair], no glasses, about the same height as Adrian, cosy muted mustard yellow cardigan, striped socks with mustard stripes, phone almost always in hand with a small Spinda plush keychain hanging from it on a short strap slamming a big red game-show buzzer, confident grin, stage lights. 16:9 frame, consistent character design, no text, no letters, no logos, no watermark, leave clean space for overlays added in edit.","Generate her buzzer slap; add the question card in the editor so the wording is exact.","Rules check: the player who goes first can’t play a Supporter on their first turn; the player going second can. Saying ‘you go first’ keeps the quiz correct for card players watching."
"V2-10","Verse 2","1:47.6","1.9","P1","gag","You still fail the test.","WS","Spotlights snap off one by one","BZZZT. A huge red ✗. Record scratch. Spotlights die. The crowd goes silent. Adrian facepalms. The cats sit at a judges’ table holding up ‘0’ scorecards. Tiff, spiral eyes, confused.","Tiff: genuinely baffled. Adrian: disbelief.","Big red ✗ · scorecards: 0 0","BZZZT + record scratch","Into the build","I2V","Simple doodle comic style (locked look: mauve ink + accent colours): clean smooth black ink outlines of even medium weight, very simple faces with small line or dot eyes, simple expressive mouths and little blush marks, chibi proportions with big heads and small bodies, mostly white fills with flat dusty mauve-pink shading on hair and shadows, small flat muted accent colours only on key items (muted mustard yellow for Tiff's cardigan, muted teal (dark cyan) for Adrian's hoodie, cream with red spots for Spinda), no gradients, hand-drawn sparkle, sweat-drop and impact marks, exaggerated comic reactions, settings drawn simply in the same line style, thin mauve border frame. Darkened tournament stage with one spotlight, Tiff, a cheerful woman, [HAIR — e.g. long wavy hair], no glasses, about the same height as Adrian, cosy muted mustard yellow cardigan, striped socks with mustard stripes, phone almost always in hand with a small Spinda plush keychain hanging from it on a short strap with dizzy spiral eyes and a confused face, Adrian, a lanky man, [HAIR — e.g. short messy hair], no glasses, about the same height as Tiff, muted teal (dark cyan) hoodie, tired-but-fond eyes, deadpan expression by default facepalming, two cats at a judges' table holding up scorecards. 16:9 frame, consistent character design, no text, no letters, no logos, no watermark, leave clean space for overlays added in edit.","Spotlights click off one by one; cats raise scorecards.","Punchline of the verse."
"V2-11","Verse 2","1:49.5","5.9","P2","heart","(6-second build into Chorus 2)","MS → CU","Empty arena, slow push in","The arena is empty. Tiff sits on the edge of the stage, still spiral-eyed. Adrian sits down beside her and hands her a Spinda. She hugs it; her eyes go back to normal. Behind them the cats flip their scorecards from ‘0’ to ‘♥’. On the last beat she grins at him.","Tiff: baffled → comforted. Adrian: gentle.","Scorecards flip: 0 → ♥","Build","Smash cut to Chorus 2 on the drop","I2V","Simple doodle comic style (locked look: mauve ink + accent colours): clean smooth black ink outlines, very simple faces with small line or dot eyes and soft smiles, gentler and slightly less chibi proportions, mostly white fills with flat dusty mauve-pink shading plus a pale warm peach wash for lamp light or golden light, small flat muted accent colours only on key items (muted mustard yellow for Tiff's cardigan, muted teal (dark cyan) for Adrian's hoodie, cream with red spots for Spinda), no gradients, calm uncluttered composition, settings drawn simply in the same line style, thin mauve border frame. Empty dim tournament stage, Tiff, a cheerful woman, [HAIR — e.g. long wavy hair], no glasses, about the same height as Adrian, cosy muted mustard yellow cardigan, striped socks with mustard stripes, phone almost always in hand with a small Spinda plush keychain hanging from it on a short strap sitting on the stage edge with spiral eyes, Adrian, a lanky man, [HAIR — e.g. short messy hair], no glasses, about the same height as Tiff, muted teal (dark cyan) hoodie, tired-but-fond eyes, deadpan expression by default sitting beside her handing her a Spinda plush, two cats behind them holding scorecards. 16:9 frame, consistent character design, no text, no letters, no logos, no watermark, leave clean space for overlays added in edit.","She hugs the plush and smiles; cats flip their cards.","Keeps the ‘never mean’ rule: the joke lands, then he looks after her before the chorus celebrates her again."
"C2-01","Chorus 2","1:55.4","2.8","P3","gag","Happy birthday, love, you’re my whole supply,","WS","Same as C1-01, punchier","Party again. Now the plushies wear party hats too, and three Spindas sit on the cake table.","","","","Card flip","Edit","Simple doodle comic style (locked look: mauve ink + accent colours): clean smooth black ink outlines of even medium weight, very simple faces with small line or dot eyes, simple expressive mouths and little blush marks, chibi proportions with big heads and small bodies, mostly white fills with flat dusty mauve-pink shading on hair and shadows, small flat muted accent colours only on key items (muted mustard yellow for Tiff's cardigan, muted teal (dark cyan) for Adrian's hoodie, cream with red spots for Spinda), no gradients, hand-drawn sparkle, sweat-drop and impact marks, exaggerated comic reactions, settings drawn simply in the same line style, thin mauve border frame. Reuse the C1-01 keyframe; image-edit to add plushies in party hats and three Spinda plushies on the cake table. 16:9 frame, consistent character design, no text, no letters, no logos, no watermark, leave clean space for overlays added in edit.","Same motion as C1-01.",""
"C2-02","Chorus 2","1:58.2","2.8","P3","gag","My wardrobe expert, my style on the fly.","MS","Six outfit swaps in 2 seconds","The wardrobe card flips in twice as fast. Six outfits in two seconds, the last one ✓.","","WARDROBE EXPERT","","Card flip","Edit","Simple doodle comic style (locked look: mauve ink + accent colours): clean smooth black ink outlines of even medium weight, very simple faces with small line or dot eyes, simple expressive mouths and little blush marks, chibi proportions with big heads and small bodies, mostly white fills with flat dusty mauve-pink shading on hair and shadows, small flat muted accent colours only on key items (muted mustard yellow for Tiff's cardigan, muted teal (dark cyan) for Adrian's hoodie, cream with red spots for Spinda), no gradients, hand-drawn sparkle, sweat-drop and impact marks, exaggerated comic reactions, settings drawn simply in the same line style, thin mauve border frame. Speed-ramp the C1-02 clip and add new outfit frames. 16:9 frame, consistent character design, no text, no letters, no logos, no watermark, leave clean space for overlays added in edit.","Retime in the editor.",""
"C2-03","Chorus 2","2:01.0","2.7","P3","gag","My makeup artist, cosplay crew,","MS","Pit stop at 2×","Pit stop again, now 1.0s on the timer, and this time the crew turns on Tiff herself: she pops out as Dark Magician Girl.","","COSPLAY CREW · 1.0s","","Card flip","S+E","Simple doodle comic style (locked look: mauve ink + accent colours): clean smooth black ink outlines of even medium weight, very simple faces with small line or dot eyes, simple expressive mouths and little blush marks, chibi proportions with big heads and small bodies, mostly white fills with flat dusty mauve-pink shading on hair and shadows, small flat muted accent colours only on key items (muted mustard yellow for Tiff's cardigan, muted teal (dark cyan) for Adrian's hoodie, cream with red spots for Spinda), no gradients, hand-drawn sparkle, sweat-drop and impact marks, exaggerated comic reactions, settings drawn simply in the same line style, thin mauve border frame. As C1-03, but Tiff, a cheerful woman, [HAIR — e.g. long wavy hair], no glasses, about the same height as Adrian, cosy muted mustard yellow cardigan, striped socks with mustard stripes, phone almost always in hand with a small Spinda plush keychain hanging from it on a short strap in the chair, ending in a Dark Magician Girl cosplay with the pointed hat and staff. 16:9 frame, consistent character design, no text, no letters, no logos, no watermark, leave clean space for overlays added in edit.","Faster pit stop.",""
"C2-04","Chorus 2","2:03.7","2.8","P3","gag","My travel planner who gets us through.","WS","Suitcases stack higher","Travel card. Adrian now carries six suitcases with three Spindas strapped on top.","","TRAVEL PLANNER","","Card flip","Edit","Simple doodle comic style (locked look: mauve ink + accent colours): clean smooth black ink outlines of even medium weight, very simple faces with small line or dot eyes, simple expressive mouths and little blush marks, chibi proportions with big heads and small bodies, mostly white fills with flat dusty mauve-pink shading on hair and shadows, small flat muted accent colours only on key items (muted mustard yellow for Tiff's cardigan, muted teal (dark cyan) for Adrian's hoodie, cream with red spots for Spinda), no gradients, hand-drawn sparkle, sweat-drop and impact marks, exaggerated comic reactions, settings drawn simply in the same line style, thin mauve border frame. Edit the C1-04 keyframe: taller luggage tower with three Spinda plushies strapped on top. 16:9 frame, consistent character design, no text, no letters, no logos, no watermark, leave clean space for overlays added in edit.","Same as C1-04, he wobbles.",""
"C2-05","Chorus 2","2:06.5","2.8","P3","gag","My photographer, chef—how’d I get so lucky?","Two cuts","Burst-mode flashes / plating","Burst-mode flashes, then a dish slides into frame.","","PHOTOGRAPHER / CHEF","","Freeze on the stop beat","Edit","Simple doodle comic style (locked look: mauve ink + accent colours): clean smooth black ink outlines of even medium weight, very simple faces with small line or dot eyes, simple expressive mouths and little blush marks, chibi proportions with big heads and small bodies, mostly white fills with flat dusty mauve-pink shading on hair and shadows, small flat muted accent colours only on key items (muted mustard yellow for Tiff's cardigan, muted teal (dark cyan) for Adrian's hoodie, cream with red spots for Spinda), no gradients, hand-drawn sparkle, sweat-drop and impact marks, exaggerated comic reactions, settings drawn simply in the same line style, thin mauve border frame. Reuse C1-05 clips with new angles. 16:9 frame, consistent character design, no text, no letters, no logos, no watermark, leave clean space for overlays added in edit.","Retime.",""
"C2-06","Chorus 2","2:09.3","4.0","P2","heart","You make this oddball life lovely.","WS tableau","Exactly the C1-06 framing","The same living-room tableau after the same stop beat, but the plushies have doubled and a Spinda pile sits in the corner. Spot the difference.","","","","Into the dance break","Edit","Simple doodle comic style (locked look: mauve ink + accent colours): clean smooth black ink outlines, very simple faces with small line or dot eyes and soft smiles, gentler and slightly less chibi proportions, mostly white fills with flat dusty mauve-pink shading plus a pale warm peach wash for lamp light or golden light, small flat muted accent colours only on key items (muted mustard yellow for Tiff's cardigan, muted teal (dark cyan) for Adrian's hoodie, cream with red spots for Spinda), no gradients, calm uncluttered composition, settings drawn simply in the same line style, thin mauve border frame. Image-edit the C1-06 keyframe: double the plushies, add a Spinda pile. 16:9 frame, consistent character design, no text, no letters, no logos, no watermark, leave clean space for overlays added in edit.","Same pull-back as C1-06.",""
"DB2-01","Dance Break 2","2:13.3","6.2","P3","heart","(instrumental: vocal chops)","MS → MCU","Slow-motion confetti, gentle push in","Confetti settles in slow motion. The party lights fade to warm gold. Tiff and Adrian slow-dance among the plushies while the cats nap on a pile of wrapping paper.","Both: tired, happy.","","","Dissolve to the mirror (V3-01)","I2V","Simple doodle comic style (locked look: mauve ink + accent colours): clean smooth black ink outlines, very simple faces with small line or dot eyes and soft smiles, gentler and slightly less chibi proportions, mostly white fills with flat dusty mauve-pink shading plus a pale warm peach wash for lamp light or golden light, small flat muted accent colours only on key items (muted mustard yellow for Tiff's cardigan, muted teal (dark cyan) for Adrian's hoodie, cream with red spots for Spinda), no gradients, calm uncluttered composition, settings drawn simply in the same line style, thin mauve border frame. Tiff, a cheerful woman, [HAIR — e.g. long wavy hair], no glasses, about the same height as Adrian, cosy muted mustard yellow cardigan, striped socks with mustard stripes, phone almost always in hand with a small Spinda plush keychain hanging from it on a short strap and Adrian, a lanky man, [HAIR — e.g. short messy hair], no glasses, about the same height as Tiff, muted teal (dark cyan) hoodie, tired-but-fond eyes, deadpan expression by default slow-dancing in a living room after a party, confetti drifting down, warm golden lamp light, cats napping on wrapping paper. 16:9 frame, consistent character design, no text, no letters, no logos, no watermark, leave clean space for overlays added in edit.","Slow sway; confetti falls in slow motion.",""
"V3-01","Verse 3","2:19.5","3.7","P2","heart","You fix my collar, find the perfect disguise,","CU in mirror","Mirror reflection, gentle push","Her hands straighten his collar in the mirror. Quick tries: hat, glasses, wig. The final look. She steps back and gives one approving nod.","Tiff: careful, proud. Adrian: lets her.","","","Cut","I2V","Simple doodle comic style (locked look: mauve ink + accent colours): clean smooth black ink outlines, very simple faces with small line or dot eyes and soft smiles, gentler and slightly less chibi proportions, mostly white fills with flat dusty mauve-pink shading plus a pale warm peach wash for lamp light or golden light, small flat muted accent colours only on key items (muted mustard yellow for Tiff's cardigan, muted teal (dark cyan) for Adrian's hoodie, cream with red spots for Spinda), no gradients, calm uncluttered composition, settings drawn simply in the same line style, thin mauve border frame. Mirror reflection of Tiff, a cheerful woman, [HAIR — e.g. long wavy hair], no glasses, about the same height as Adrian, cosy muted mustard yellow cardigan, striped socks with mustard stripes, phone almost always in hand with a small Spinda plush keychain hanging from it on a short strap straightening Adrian, a lanky man, [HAIR — e.g. short messy hair], no glasses, about the same height as Tiff, muted teal (dark cyan) hoodie, tired-but-fond eyes, deadpan expression by default's shirt collar, warm afternoon light, both smiling softly. 16:9 frame, consistent character design, no text, no letters, no logos, no watermark, leave clean space for overlays added in edit.","She adjusts the collar, steps back and nods once.",""
"V3-02","Verse 3","2:23.2","3.8","P2","heart","Catch every good angle and the light in my eyes.","MS orbit → photo insert","360° orbit around Adrian, then the print","Tiff circles him with a camera, crouching, stepping, flash. Reveal the photo: he looks fantastic, a literal sparkle in his eyes. The print drops into an album.","Adrian: a bit shy, then glowing.","","Shutter","Cut","I2V","Simple doodle comic style (locked look: mauve ink + accent colours): clean smooth black ink outlines, very simple faces with small line or dot eyes and soft smiles, gentler and slightly less chibi proportions, mostly white fills with flat dusty mauve-pink shading plus a pale warm peach wash for lamp light or golden light, small flat muted accent colours only on key items (muted mustard yellow for Tiff's cardigan, muted teal (dark cyan) for Adrian's hoodie, cream with red spots for Spinda), no gradients, calm uncluttered composition, settings drawn simply in the same line style, thin mauve border frame. Tiff, a cheerful woman, [HAIR — e.g. long wavy hair], no glasses, about the same height as Adrian, cosy muted mustard yellow cardigan, striped socks with mustard stripes, phone almost always in hand with a small Spinda plush keychain hanging from it on a short strap crouching with a camera photographing Adrian, a lanky man, [HAIR — e.g. short messy hair], no glasses, about the same height as Tiff, muted teal (dark cyan) hoodie, tired-but-fond eyes, deadpan expression by default in golden light, his eyes catching a bright sparkle. 16:9 frame, consistent character design, no text, no letters, no logos, no watermark, leave clean space for overlays added in edit.","Camera orbits around him while she moves for the angle; flash.",""
"V3-03","Verse 3","2:27.0","3.7","P2","heart","You plan every stop, every plate, every day,","WS","Scroll unrolls toward camera","An itinerary unrolls like a royal decree across the floor and out the door: Day 1…Day 7, restaurant pins, train times, colour tabs. A map with a perfectly clean route. Adrian reads, jaw dropping.","Adrian: awe.","Itinerary text (add in edit): Day 1 · 08:12 train · lunch ★","Paper unroll","Cut","I2V","Simple doodle comic style (locked look: mauve ink + accent colours): clean smooth black ink outlines, very simple faces with small line or dot eyes and soft smiles, gentler and slightly less chibi proportions, mostly white fills with flat dusty mauve-pink shading plus a pale warm peach wash for lamp light or golden light, small flat muted accent colours only on key items (muted mustard yellow for Tiff's cardigan, muted teal (dark cyan) for Adrian's hoodie, cream with red spots for Spinda), no gradients, calm uncluttered composition, settings drawn simply in the same line style, thin mauve border frame. A very long hand-written travel itinerary scroll unrolling across a wooden floor and out of the front door, maps and colour tabs, Adrian, a lanky man, [HAIR — e.g. short messy hair], no glasses, about the same height as Tiff, muted teal (dark cyan) hoodie, tired-but-fond eyes, deadpan expression by default holding one end with his jaw dropped. 16:9 frame, consistent character design, no text, no letters, no logos, no watermark, leave clean space for overlays added in edit.","Scroll keeps unrolling past camera.","The clean route here is the visual opposite of the Verse 1 loops."
"V3-04","Verse 3","2:30.7","3.7","P1","heart","Then cook up a feast that can chase gloom away.","MS","Locked, steam rises through frame","Adrian slumps in, tired; the little rain cloud from the pre-chorus is back over his head. Tiff lifts a cloche: a huge feast. The steam rises and blows the cloud away. He lights up.","Adrian: gloom → instant joy.","","Cloche ‘ting’, cloud ‘poof’","Mirror flash","S+E","Simple doodle comic style (locked look: mauve ink + accent colours): clean smooth black ink outlines, very simple faces with small line or dot eyes and soft smiles, gentler and slightly less chibi proportions, mostly white fills with flat dusty mauve-pink shading plus a pale warm peach wash for lamp light or golden light, small flat muted accent colours only on key items (muted mustard yellow for Tiff's cardigan, muted teal (dark cyan) for Adrian's hoodie, cream with red spots for Spinda), no gradients, calm uncluttered composition, settings drawn simply in the same line style, thin mauve border frame. START: tired Adrian, a lanky man, [HAIR — e.g. short messy hair], no glasses, about the same height as Tiff, muted teal (dark cyan) hoodie, tired-but-fond eyes, deadpan expression by default at a table with a small rain cloud over his head, Tiff, a cheerful woman, [HAIR — e.g. long wavy hair], no glasses, about the same height as Adrian, cosy muted mustard yellow cardigan, striped socks with mustard stripes, phone almost always in hand with a small Spinda plush keychain hanging from it on a short strap lifting a silver cloche. END: a huge steaming bowl of Xi’an paomo (torn flatbread in rich broth) with side dishes, the cloud gone, him beaming. 16:9 frame, consistent character design, no text, no letters, no logos, no watermark, leave clean space for overlays added in edit.","Steam rises and pushes the cloud away; his face brightens.","Her signature dish: paomo, the Xi’an (Shaanxi) stew of torn flatbread in rich broth."
"V3-05","Verse 3","2:34.4","3.7","P1","heart","And you never ask me to be someone new,","WS","Slow dolly through a crowd of Adrians","Adrian surrounded by many versions of himself. Tiff walks among them, unbothered, smiling at each.","Tiff: easy acceptance.","","","Cut on the beat","I2V","Simple doodle comic style (locked look: mauve ink + accent colours): clean smooth black ink outlines, very simple faces with small line or dot eyes and soft smiles, gentler and slightly less chibi proportions, mostly white fills with flat dusty mauve-pink shading plus a pale warm peach wash for lamp light or golden light, small flat muted accent colours only on key items (muted mustard yellow for Tiff's cardigan, muted teal (dark cyan) for Adrian's hoodie, cream with red spots for Spinda), no gradients, calm uncluttered composition, settings drawn simply in the same line style, thin mauve border frame. Adrian, a lanky man, [HAIR — e.g. short messy hair], no glasses, about the same height as Tiff, muted teal (dark cyan) hoodie, tired-but-fond eyes, deadpan expression by default standing among many versions of himself in different outfits and styles, Tiff, a cheerful woman, [HAIR — e.g. long wavy hair], no glasses, about the same height as Adrian, cosy muted mustard yellow cardigan, striped socks with mustard stripes, phone almost always in hand with a small Spinda plush keychain hanging from it on a short strap walking calmly between them smiling. 16:9 frame, consistent character design, no text, no letters, no logos, no watermark, leave clean space for overlays added in edit.","Slow dolly forward as she walks through.",""
"V3-06","Verse 3","2:38.1","3.8","P1","gag","Femboy, geek, nerd, cards in my shoe—","4 × ~0.9s cuts","Same framing each cut, Tiff in the same spot","Femboy: cute outfit and hair clip, Tiff gives a thumbs up. Geek: gadgets and monitors. Nerd: glasses, books and games. Cards in shoe: a card sticks out of his sneaker; she plucks it and sleeves it.","Tiff: the exact same loving face every time. That’s the joke.","Optional tiny labels: FEMBOY · GEEK · NERD · CARDS IN SHOE","One beat-hit per cut","Light swirl","I2V ×4","Simple doodle comic style (locked look: mauve ink + accent colours): clean smooth black ink outlines of even medium weight, very simple faces with small line or dot eyes, simple expressive mouths and little blush marks, chibi proportions with big heads and small bodies, mostly white fills with flat dusty mauve-pink shading on hair and shadows, small flat muted accent colours only on key items (muted mustard yellow for Tiff's cardigan, muted teal (dark cyan) for Adrian's hoodie, cream with red spots for Spinda), no gradients, hand-drawn sparkle, sweat-drop and impact marks, exaggerated comic reactions, settings drawn simply in the same line style, thin mauve border frame. Four keyframes with identical framing: Adrian, a lanky man, [HAIR — e.g. short messy hair], no glasses, about the same height as Tiff, muted teal (dark cyan) hoodie, tired-but-fond eyes, deadpan expression by default as a cute femboy in a skirt and hair clip; as a geek surrounded by gadgets; as a nerd with glasses and stacks of books and games; with a trading card sticking out of his sneaker; Tiff, a cheerful woman, [HAIR — e.g. long wavy hair], no glasses, about the same height as Adrian, cosy muted mustard yellow cardigan, striped socks with mustard stripes, phone almost always in hand with a small Spinda plush keychain hanging from it on a short strap beside him with the same adoring smile each time. 16:9 frame, consistent character design, no text, no letters, no logos, no watermark, leave clean space for overlays added in edit.","Tiny reaction per cut: thumbs up / nod / heart eyes / pluck the card.","Decided: cute and playful (skirt, hair clip, a little blush). It must read as affectionate and celebratory."
"V3-07","Verse 3","2:41.9","3.7","P2","heart","You let me be all of the things that I am,","MS","Versions swirl into one, camera settles","All the versions swirl together in light and merge back into one Adrian. Tiff takes his hand.","Both: calm.","","Shimmer","Cut","S+E","Simple doodle comic style (locked look: mauve ink + accent colours): clean smooth black ink outlines, very simple faces with small line or dot eyes and soft smiles, gentler and slightly less chibi proportions, mostly white fills with flat dusty mauve-pink shading plus a pale warm peach wash for lamp light or golden light, small flat muted accent colours only on key items (muted mustard yellow for Tiff's cardigan, muted teal (dark cyan) for Adrian's hoodie, cream with red spots for Spinda), no gradients, calm uncluttered composition, settings drawn simply in the same line style, thin mauve border frame. START: many versions of Adrian, a lanky man, [HAIR — e.g. short messy hair], no glasses, about the same height as Tiff, muted teal (dark cyan) hoodie, tired-but-fond eyes, deadpan expression by default in a circle. END: a single Adrian, a lanky man, [HAIR — e.g. short messy hair], no glasses, about the same height as Tiff, muted teal (dark cyan) hoodie, tired-but-fond eyes, deadpan expression by default holding hands with Tiff, a cheerful woman, [HAIR — e.g. long wavy hair], no glasses, about the same height as Adrian, cosy muted mustard yellow cardigan, striped socks with mustard stripes, phone almost always in hand with a small Spinda plush keychain hanging from it on a short strap, warm glow. 16:9 frame, consistent character design, no text, no letters, no logos, no watermark, leave clean space for overlays added in edit.","Versions swirl into light and merge.",""
"V3-08","Verse 3","2:45.6","3.6","P2","heart","And love me completely, my favorite fan.","WS → CU","Reverse of the tournament walk-out","Adrian on a small stage (or just taking out the bins). Front row: Tiff with a huge glittery handmade sign, a foam finger, the cats with tiny pom-poms. He covers his face, embarrassed and touched.","Tiff: loudest fan alive. Adrian: blushing.","Sign: GO ADRIAN!!! ❤️","One-person crowd roar","Colour drains in the 1.4s gap","I2V","Simple doodle comic style (locked look: mauve ink + accent colours): clean smooth black ink outlines, very simple faces with small line or dot eyes and soft smiles, gentler and slightly less chibi proportions, mostly white fills with flat dusty mauve-pink shading plus a pale warm peach wash for lamp light or golden light, small flat muted accent colours only on key items (muted mustard yellow for Tiff's cardigan, muted teal (dark cyan) for Adrian's hoodie, cream with red spots for Spinda), no gradients, calm uncluttered composition, settings drawn simply in the same line style, thin mauve border frame. Tiff, a cheerful woman, [HAIR — e.g. long wavy hair], no glasses, about the same height as Adrian, cosy muted mustard yellow cardigan, striped socks with mustard stripes, phone almost always in hand with a small Spinda plush keychain hanging from it on a short strap in the front row cheering wildly, holding a big glittery handmade sign and a foam finger, two cats beside her with tiny pom-poms; Adrian, a lanky man, [HAIR — e.g. short messy hair], no glasses, about the same height as Tiff, muted teal (dark cyan) hoodie, tired-but-fond eyes, deadpan expression by default on a small stage covering his blushing face. 16:9 frame, consistent character design, no text, no letters, no logos, no watermark, leave clean space for overlays added in edit.","She jumps and waves the sign; cats shake pom-poms.","Mirrors V2-08: there she was the star, here she’s his fan."
"BR-01","Bridge","2:49.2","6.0","P1","heart","So I’ll take the missed turns, the hot-day confusion,","MS, in car at dusk","Slow, Polaroids drift through frame","Polaroids of the missed exit, the loops and the melting drift slowly past. In the car at dusk, Tiff has fallen asleep in the passenger seat with her phone on her chest. Adrian glances over and smiles.","Adrian: no frustration left.","","","Dissolve","I2V","Simple doodle comic style (locked look: mauve ink + accent colours): clean smooth black ink outlines, very simple faces with small line or dot eyes and soft smiles, gentler and slightly less chibi proportions, mostly white fills with flat dusty mauve-pink shading plus a pale warm peach wash for lamp light or golden light, small flat muted accent colours only on key items (muted mustard yellow for Tiff's cardigan, muted teal (dark cyan) for Adrian's hoodie, cream with red spots for Spinda), no gradients, calm uncluttered composition, settings drawn simply in the same line style, thin mauve border frame. Inside a car at dusk, Tiff, a cheerful woman, [HAIR — e.g. long wavy hair], no glasses, about the same height as Adrian, cosy muted mustard yellow cardigan, striped socks with mustard stripes, phone almost always in hand with a small Spinda plush keychain hanging from it on a short strap asleep in the passenger seat with her phone resting on her chest, Adrian, a lanky man, [HAIR — e.g. short messy hair], no glasses, about the same height as Tiff, muted teal (dark cyan) hoodie, tired-but-fond eyes, deadpan expression by default driving and glancing at her with a soft smile, warm streetlights. 16:9 frame, consistent character design, no text, no letters, no logos, no watermark, leave clean space for overlays added in edit.","Streetlights pass slowly; he smiles.","The shot starts in the 1.4-second gap before the line, while the colour drains."
"BR-02","Bridge","2:55.2","4.7","P2","heart","The cat-first decisions and social-media excursions.","WS floor level","Locked, low","Tiff feeds the cats first. Adrian sighs… then lies down on the floor in the cat pile. She scrolls with her head on his shoulder, and he watches the screen with her.","Both: easy together.","","Purring","Dissolve","I2V","Simple doodle comic style (locked look: mauve ink + accent colours): clean smooth black ink outlines, very simple faces with small line or dot eyes and soft smiles, gentler and slightly less chibi proportions, mostly white fills with flat dusty mauve-pink shading plus a pale warm peach wash for lamp light or golden light, small flat muted accent colours only on key items (muted mustard yellow for Tiff's cardigan, muted teal (dark cyan) for Adrian's hoodie, cream with red spots for Spinda), no gradients, calm uncluttered composition, settings drawn simply in the same line style, thin mauve border frame. Adrian, a lanky man, [HAIR — e.g. short messy hair], no glasses, about the same height as Tiff, muted teal (dark cyan) hoodie, tired-but-fond eyes, deadpan expression by default lying on a living-room floor surrounded by cats, Tiff, a cheerful woman, [HAIR — e.g. long wavy hair], no glasses, about the same height as Adrian, cosy muted mustard yellow cardigan, striped socks with mustard stripes, phone almost always in hand with a small Spinda plush keychain hanging from it on a short strap lying beside him resting her head on his shoulder scrolling her phone, both watching the screen, lamp light. 16:9 frame, consistent character design, no text, no letters, no logos, no watermark, leave clean space for overlays added in edit.","A cat climbs onto his chest; she scrolls; gentle breathing.",""
"BR-03","Bridge","2:59.9","4.6","P1","heart","Because underneath every joke that I make,","Top-down map → zoom out","The Verse 1 map, slowly zooming out","Stickers, bubbles and plushies peel away and fade; the colour drains to calm blue. Back to the Verse 1 GPS map. As it zooms out, the loops from ‘circling the block’ turn out to form a heart around their home.","—","Route line forming a heart","","Match the heart’s centre to their front door","Editor","Simple doodle comic style (locked look: mauve ink + accent colours): clean smooth black ink outlines, very simple faces with small line or dot eyes and soft smiles, gentler and slightly less chibi proportions, mostly white fills with flat dusty mauve-pink shading plus a pale warm peach wash for lamp light or golden light, small flat muted accent colours only on key items (muted mustard yellow for Tiff's cardigan, muted teal (dark cyan) for Adrian's hoodie, cream with red spots for Spinda), no gradients, calm uncluttered composition, settings drawn simply in the same line style, thin mauve border frame. Reuse the V1-07 map plate at a wider zoom. 16:9 frame, consistent character design, no text, no letters, no logos, no watermark, leave clean space for overlays added in edit.","Animate the route line in the editor so the heart shape is exact.","Decided: keep the heart. It bends the lyric a little (he circled on purpose), and that’s the point of the reveal."
"BR-04","Bridge","3:04.5","5.2","P1","heart","You’re the kindest home I could ever come back to.","WS → MCU","Walk up the path; reverse on the doorway","Night. Adrian walks up the path. The door opens; warm light spills out. Tiff in the doorway, cats at her feet. The GPS pin labelled HOME drops gently above her, not the house. They hug as the music peaks.","Both: quiet, tender. Hold it.","Map pin above Tiff: HOME","Door creak, soft chime","Whip into the final chorus on the drop","I2V","Simple doodle comic style (locked look: mauve ink + accent colours): clean smooth black ink outlines, very simple faces with small line or dot eyes and soft smiles, gentler and slightly less chibi proportions, mostly white fills with flat dusty mauve-pink shading plus a pale warm peach wash for lamp light or golden light, small flat muted accent colours only on key items (muted mustard yellow for Tiff's cardigan, muted teal (dark cyan) for Adrian's hoodie, cream with red spots for Spinda), no gradients, calm uncluttered composition, settings drawn simply in the same line style, thin mauve border frame. Night, a cosy house, front door open with warm golden light spilling out, Tiff, a cheerful woman, [HAIR — e.g. long wavy hair], no glasses, about the same height as Adrian, cosy muted mustard yellow cardigan, striped socks with mustard stripes, phone almost always in hand with a small Spinda plush keychain hanging from it on a short strap in the doorway with two cats at her feet, Adrian, a lanky man, [HAIR — e.g. short messy hair], no glasses, about the same height as Tiff, muted teal (dark cyan) hoodie, tired-but-fond eyes, deadpan expression by default walking up the path toward her. 16:9 frame, consistent character design, no text, no letters, no logos, no watermark, leave clean space for overlays added in edit.","He walks up; she opens her arms; they hug in the doorway.","The emotional centre of the film. The music is building here, so the hug can be big rather than still. Add the HOME pin in the edit."
"FC-01","Final Chorus","3:09.7","2.8","P1","heart","Happy birthday, love, you’re my whole supply,","WS","Slow-motion confetti, crane down","The full party: cake, presents, cats, confetti in slow motion. Cindy, Neisa, Thei and Mel are here in person, drawn as the same neutral avatar characters from the chat: the group chat, finally IRL.","Everyone: celebration.","","","Card flip","I2V","Simple doodle comic style (locked look: mauve ink + accent colours): clean smooth black ink outlines, very simple faces with small line or dot eyes and soft smiles, gentler and slightly less chibi proportions, mostly white fills with flat dusty mauve-pink shading plus a pale warm peach wash for lamp light or golden light, small flat muted accent colours only on key items (muted mustard yellow for Tiff's cardigan, muted teal (dark cyan) for Adrian's hoodie, cream with red spots for Spinda), no gradients, calm uncluttered composition, settings drawn simply in the same line style, thin mauve border frame. Big birthday party in a warm living room, Tiff, a cheerful woman, [HAIR — e.g. long wavy hair], no glasses, about the same height as Adrian, cosy muted mustard yellow cardigan, striped socks with mustard stripes, phone almost always in hand with a small Spinda plush keychain hanging from it on a short strap in the centre, Adrian, a lanky man, [HAIR — e.g. short messy hair], no glasses, about the same height as Tiff, muted teal (dark cyan) hoodie, tired-but-fond eyes, deadpan expression by default beside her, four generic cartoon friends cheering (matching the chat avatars, not real people), presents, cats in party hats, slow-motion confetti, golden light. 16:9 frame, consistent character design, no text, no letters, no logos, no watermark, leave clean space for overlays added in edit.","Slow-motion confetti, camera cranes down to her.",""
"FC-02","Final Chorus","3:12.5","2.8","P2","heart","My wardrobe expert, my style on the fly.","WS runway","Runway head-on","Fashion montage, but now they walk the runway together in coordinated outfits.","","WARDROBE EXPERT","","Card flip","I2V","Simple doodle comic style (locked look: mauve ink + accent colours): clean smooth black ink outlines, very simple faces with small line or dot eyes and soft smiles, gentler and slightly less chibi proportions, mostly white fills with flat dusty mauve-pink shading plus a pale warm peach wash for lamp light or golden light, small flat muted accent colours only on key items (muted mustard yellow for Tiff's cardigan, muted teal (dark cyan) for Adrian's hoodie, cream with red spots for Spinda), no gradients, calm uncluttered composition, settings drawn simply in the same line style, thin mauve border frame. Tiff, a cheerful woman, [HAIR — e.g. long wavy hair], no glasses, about the same height as Adrian, cosy muted mustard yellow cardigan, striped socks with mustard stripes, phone almost always in hand with a small Spinda plush keychain hanging from it on a short strap and Adrian, a lanky man, [HAIR — e.g. short messy hair], no glasses, about the same height as Tiff, muted teal (dark cyan) hoodie, tired-but-fond eyes, deadpan expression by default walking a runway together in coordinated outfits, camera flashes. 16:9 frame, consistent character design, no text, no letters, no logos, no watermark, leave clean space for overlays added in edit.","Strut toward camera, spin.",""
"FC-03","Final Chorus","3:15.3","2.7","P2","heart","My makeup artist, cosplay crew,","MS","Transformation sparkle","Couple cosplay transformation: Adrian becomes Yugi and Tiff becomes Dark Magician Girl at the same moment, then they strike a duel pose together.","","COSPLAY CREW","","Card flip","S+E","Simple doodle comic style (locked look: mauve ink + accent colours): clean smooth black ink outlines, very simple faces with small line or dot eyes and soft smiles, gentler and slightly less chibi proportions, mostly white fills with flat dusty mauve-pink shading plus a pale warm peach wash for lamp light or golden light, small flat muted accent colours only on key items (muted mustard yellow for Tiff's cardigan, muted teal (dark cyan) for Adrian's hoodie, cream with red spots for Spinda), no gradients, calm uncluttered composition, settings drawn simply in the same line style, thin mauve border frame. START: the couple in everyday clothes. END: Adrian, a lanky man, [HAIR — e.g. short messy hair], no glasses, about the same height as Tiff, muted teal (dark cyan) hoodie, tired-but-fond eyes, deadpan expression by default as Yugi Muto (Yu-Gi-Oh!) and Tiff, a cheerful woman, [HAIR — e.g. long wavy hair], no glasses, about the same height as Adrian, cosy muted mustard yellow cardigan, striped socks with mustard stripes, phone almost always in hand with a small Spinda plush keychain hanging from it on a short strap as Dark Magician Girl striking a duel pose together. 16:9 frame, consistent character design, no text, no letters, no logos, no watermark, leave clean space for overlays added in edit.","Magical-girl-style sparkle transformation.",""
"FC-04","Final Chorus","3:18.0","2.8","P2","heart","My travel planner who gets us through.","Montage","Four fast cuts","Four fast cuts from their real trips: the grandstand at Tokyo Racecourse, a koala at Cleland Wildlife Sanctuary, snow and penguins at Ski Dubai in Mall of the Emirates, and a train window between them. Tiff navigates on foot perfectly; Adrian does a double-take.","Adrian: wait, she CAN navigate?","TRAVEL PLANNER","","Slow down","I2V ×4","Simple doodle comic style (locked look: mauve ink + accent colours): clean smooth black ink outlines, very simple faces with small line or dot eyes and soft smiles, gentler and slightly less chibi proportions, mostly white fills with flat dusty mauve-pink shading plus a pale warm peach wash for lamp light or golden light, small flat muted accent colours only on key items (muted mustard yellow for Tiff's cardigan, muted teal (dark cyan) for Adrian's hoodie, cream with red spots for Spinda), no gradients, calm uncluttered composition, settings drawn simply in the same line style, thin mauve border frame. Travel snapshots of Tiff, a cheerful woman, [HAIR — e.g. long wavy hair], no glasses, about the same height as Adrian, cosy muted mustard yellow cardigan, striped socks with mustard stripes, phone almost always in hand with a small Spinda plush keychain hanging from it on a short strap and Adrian, a lanky man, [HAIR — e.g. short messy hair], no glasses, about the same height as Tiff, muted teal (dark cyan) hoodie, tired-but-fond eyes, deadpan expression by default: train window seats, rolling luggage through a station, reading a paper map, cheering at the grandstand of Tokyo Racecourse, meeting a koala at Cleland Wildlife Sanctuary, waving at penguins in the indoor snow of Ski Dubai. 16:9 frame, consistent character design, no text, no letters, no logos, no watermark, leave clean space for overlays added in edit.","Short movement per cut.",""
"FC-05","Final Chorus","3:20.8","2.8","P1","heart","My photographer, chef—my best friend, my home,","Montage, slower","Softer cuts","She photographs him… then he takes the camera and photographs her for once. Cooking together, flour on noses. Laughing on the couch, cats on laps.","Both: ordinary, perfect.","Final role card: MY HOME","","Cut","I2V ×3","Simple doodle comic style (locked look: mauve ink + accent colours): clean smooth black ink outlines, very simple faces with small line or dot eyes and soft smiles, gentler and slightly less chibi proportions, mostly white fills with flat dusty mauve-pink shading plus a pale warm peach wash for lamp light or golden light, small flat muted accent colours only on key items (muted mustard yellow for Tiff's cardigan, muted teal (dark cyan) for Adrian's hoodie, cream with red spots for Spinda), no gradients, calm uncluttered composition, settings drawn simply in the same line style, thin mauve border frame. A) Adrian, a lanky man, [HAIR — e.g. short messy hair], no glasses, about the same height as Tiff, muted teal (dark cyan) hoodie, tired-but-fond eyes, deadpan expression by default holding the camera photographing Tiff, a cheerful woman, [HAIR — e.g. long wavy hair], no glasses, about the same height as Adrian, cosy muted mustard yellow cardigan, striped socks with mustard stripes, phone almost always in hand with a small Spinda plush keychain hanging from it on a short strap, who laughs. B) the couple cooking together with flour on their noses. C) the couple cuddling on the couch with cats on their laps. 16:9 frame, consistent character design, no text, no letters, no logos, no watermark, leave clean space for overlays added in edit.","Gentle, slower movements.",""
"FC-06","Final Chorus","3:23.6","3.4","P1","heart","You make every version of me feel known.","WS group photo","Camera on self-timer, flash, freeze","Every version of Adrian (everyday, femboy, geek, nerd, cosplayer, card nerd) gathers for a group photo with Tiff in the middle. Three Spindas with different spots sit in front. Self-timer, flash, freeze frame.","Tiff: knows every one of them.","Role card: EVERY VERSION · ACCEPTED","Timer beeps → flash","Flash to cake","I2V","Simple doodle comic style (locked look: mauve ink + accent colours): clean smooth black ink outlines, very simple faces with small line or dot eyes and soft smiles, gentler and slightly less chibi proportions, mostly white fills with flat dusty mauve-pink shading plus a pale warm peach wash for lamp light or golden light, small flat muted accent colours only on key items (muted mustard yellow for Tiff's cardigan, muted teal (dark cyan) for Adrian's hoodie, cream with red spots for Spinda), no gradients, calm uncluttered composition, settings drawn simply in the same line style, thin mauve border frame. Group photo: Tiff, a cheerful woman, [HAIR — e.g. long wavy hair], no glasses, about the same height as Adrian, cosy muted mustard yellow cardigan, striped socks with mustard stripes, phone almost always in hand with a small Spinda plush keychain hanging from it on a short strap in the middle surrounded by six versions of Adrian, a lanky man, [HAIR — e.g. short messy hair], no glasses, about the same height as Tiff, muted teal (dark cyan) hoodie, tired-but-fond eyes, deadpan expression by default (everyday, femboy, geek, nerd, cosplayer, card collector), three Spinda plushies with different spot patterns sitting in front, warm light. 16:9 frame, consistent character design, no text, no letters, no logos, no watermark, leave clean space for overlays added in edit.","Everyone leans in; flash; freeze.",""
"FC-07","Final Chorus","3:27.0","4.3","P1","gag","Here’s to your forty-first—just a playful disguise,","MS","Locked","Adrian proudly presents a cake with ‘41’ candles, looks at camera, then slaps his hand over the numbers and whistles innocently.","Adrian: proud → cheeky.","Candles: 41","Whistle","Cut","I2V","Simple doodle comic style (locked look: mauve ink + accent colours): clean smooth black ink outlines of even medium weight, very simple faces with small line or dot eyes, simple expressive mouths and little blush marks, chibi proportions with big heads and small bodies, mostly white fills with flat dusty mauve-pink shading on hair and shadows, small flat muted accent colours only on key items (muted mustard yellow for Tiff's cardigan, muted teal (dark cyan) for Adrian's hoodie, cream with red spots for Spinda), no gradients, hand-drawn sparkle, sweat-drop and impact marks, exaggerated comic reactions, settings drawn simply in the same line style, thin mauve border frame. Adrian, a lanky man, [HAIR — e.g. short messy hair], no glasses, about the same height as Tiff, muted teal (dark cyan) hoodie, tired-but-fond eyes, deadpan expression by default proudly holding a birthday cake with lit number candles, Tiff, a cheerful woman, [HAIR — e.g. long wavy hair], no glasses, about the same height as Adrian, cosy muted mustard yellow cardigan, striped socks with mustard stripes, phone almost always in hand with a small Spinda plush keychain hanging from it on a short strap beside him, warm party light. 16:9 frame, consistent character design, no text, no letters, no logos, no watermark, leave clean space for overlays added in edit.","He lifts the cake, glances at camera, covers the candles with his hand.",""
"FC-08","Final Chorus","3:31.3","5.7","P1","heart","No numbers disclosed, just the love in my eyes.","ECU → reverse ECU","Very slow push","Close-up on Adrian’s eyes, candlelight in them (callback to V3-02). Reverse: Tiff’s face in candlelight, making a wish. She blows; the candles go out as the music dips.","Both: genuine.","","","Black for a breath in the dip, then the outro","I2V ×2","Simple doodle comic style (locked look: mauve ink + accent colours): clean smooth black ink outlines, very simple faces with small line or dot eyes and soft smiles, gentler and slightly less chibi proportions, mostly white fills with flat dusty mauve-pink shading plus a pale warm peach wash for lamp light or golden light, small flat muted accent colours only on key items (muted mustard yellow for Tiff's cardigan, muted teal (dark cyan) for Adrian's hoodie, cream with red spots for Spinda), no gradients, calm uncluttered composition, settings drawn simply in the same line style, thin mauve border frame. A) extreme close-up of Adrian, a lanky man, [HAIR — e.g. short messy hair], no glasses, about the same height as Tiff, muted teal (dark cyan) hoodie, tired-but-fond eyes, deadpan expression by default's eyes reflecting warm candlelight, full of love. B) Tiff, a cheerful woman, [HAIR — e.g. long wavy hair], no glasses, about the same height as Adrian, cosy muted mustard yellow cardigan, striped socks with mustard stripes, phone almost always in hand with a small Spinda plush keychain hanging from it on a short strap's face lit by birthday candles, eyes closed, making a wish. 16:9 frame, consistent character design, no text, no letters, no logos, no watermark, leave clean space for overlays added in edit.","Very slow push-in; candle flicker; she blows the candles out.",""
"OU-01","Outro","3:37.0","2.6","P1","gag","Now put down the phone—","Two-shot couch","Locked","Adrian, gently: ‘Put down the phone.’ Tiff sets it face-down in slow motion, like parting with a loved one.","Tiff: theatrical sacrifice.","Bubble: “Put down the phone.”","","Cut","I2V","Simple doodle comic style (locked look: mauve ink + accent colours): clean smooth black ink outlines of even medium weight, very simple faces with small line or dot eyes, simple expressive mouths and little blush marks, chibi proportions with big heads and small bodies, mostly white fills with flat dusty mauve-pink shading on hair and shadows, small flat muted accent colours only on key items (muted mustard yellow for Tiff's cardigan, muted teal (dark cyan) for Adrian's hoodie, cream with red spots for Spinda), no gradients, hand-drawn sparkle, sweat-drop and impact marks, exaggerated comic reactions, settings drawn simply in the same line style, thin mauve border frame. Tiff, a cheerful woman, [HAIR — e.g. long wavy hair], no glasses, about the same height as Adrian, cosy muted mustard yellow cardigan, striped socks with mustard stripes, phone almost always in hand with a small Spinda plush keychain hanging from it on a short strap and Adrian, a lanky man, [HAIR — e.g. short messy hair], no glasses, about the same height as Tiff, muted teal (dark cyan) hoodie, tired-but-fond eyes, deadpan expression by default on the couch at night, she slowly places her phone face-down on the coffee table with a dramatic sad face. 16:9 frame, consistent character design, no text, no letters, no logos, no watermark, leave clean space for overlays added in edit.","Slow-motion phone placement.",""
"OU-02","Outro","3:39.6","3.7","P1","gag","—unless the cats text first.","Insert → WS","Insert on phone, pull back to reveal the cat","PING. The notification is from the cat. Tiff snatches the phone instantly. Reveal: Tofu, the white cat, at the other end of the couch with a paw on Adrian’s phone. Adrian stares at Tofu. Tofu stares back. He gives up and flops.","Cat: innocent. Adrian: defeated.","Notification from Tofu: “where is my dinner”","THE ping","Cut","I2V","Simple doodle comic style (locked look: mauve ink + accent colours): clean smooth black ink outlines of even medium weight, very simple faces with small line or dot eyes, simple expressive mouths and little blush marks, chibi proportions with big heads and small bodies, mostly white fills with flat dusty mauve-pink shading on hair and shadows, small flat muted accent colours only on key items (muted mustard yellow for Tiff's cardigan, muted teal (dark cyan) for Adrian's hoodie, cream with red spots for Spinda), no gradients, hand-drawn sparkle, sweat-drop and impact marks, exaggerated comic reactions, settings drawn simply in the same line style, thin mauve border frame. A smug cat sitting on the end of a couch with one paw on a phone, Adrian, a lanky man, [HAIR — e.g. short messy hair], no glasses, about the same height as Tiff, muted teal (dark cyan) hoodie, tired-but-fond eyes, deadpan expression by default staring at it in disbelief, Tiff, a cheerful woman, [HAIR — e.g. long wavy hair], no glasses, about the same height as Adrian, cosy muted mustard yellow cardigan, striped socks with mustard stripes, phone almost always in hand with a small Spinda plush keychain hanging from it on a short strap grabbing her phone. 16:9 frame, consistent character design, no text, no letters, no logos, no watermark, leave clean space for overlays added in edit.","Cat blinks slowly; he flops back onto the couch.",""
"OU-03","Outro","3:43.3","4.3","P1","gag","I love you, darling. You’re the best and the worst","MS hug","Locked","Adrian hugs her. Labels pop above her: BEST ❤️ and WORST 😂. Optional: her role card flips over to show a stats back: Weakness: Directions ×2 · Heat ×2.","Both: laughing.","BEST ❤️ / WORST 😂","Two pops","Fast cuts","I2V","Simple doodle comic style (locked look: mauve ink + accent colours): clean smooth black ink outlines of even medium weight, very simple faces with small line or dot eyes, simple expressive mouths and little blush marks, chibi proportions with big heads and small bodies, mostly white fills with flat dusty mauve-pink shading on hair and shadows, small flat muted accent colours only on key items (muted mustard yellow for Tiff's cardigan, muted teal (dark cyan) for Adrian's hoodie, cream with red spots for Spinda), no gradients, hand-drawn sparkle, sweat-drop and impact marks, exaggerated comic reactions, settings drawn simply in the same line style, thin mauve border frame. Adrian, a lanky man, [HAIR — e.g. short messy hair], no glasses, about the same height as Tiff, muted teal (dark cyan) hoodie, tired-but-fond eyes, deadpan expression by default hugging Tiff, a cheerful woman, [HAIR — e.g. long wavy hair], no glasses, about the same height as Adrian, cosy muted mustard yellow cardigan, striped socks with mustard stripes, phone almost always in hand with a small Spinda plush keychain hanging from it on a short strap from the side on the couch, both laughing. 16:9 frame, consistent character design, no text, no letters, no logos, no watermark, leave clean space for overlays added in edit.","Hug and laugh.",""
"OU-04","Outro","3:47.6","4.4","P1","gag","At directions, at heat, at posting online—","3 × ~1.4s cuts","Reused shots","Three rapid callbacks: EXIT 41 whooshing past; the puddle under a smug sun; the Post button sobbing into a tiny handkerchief.","","","Whoosh / bloop / sob","Hard stop","Edit","Simple doodle comic style (locked look: mauve ink + accent colours): clean smooth black ink outlines of even medium weight, very simple faces with small line or dot eyes, simple expressive mouths and little blush marks, chibi proportions with big heads and small bodies, mostly white fills with flat dusty mauve-pink shading on hair and shadows, small flat muted accent colours only on key items (muted mustard yellow for Tiff's cardigan, muted teal (dark cyan) for Adrian's hoodie, cream with red spots for Spinda), no gradients, hand-drawn sparkle, sweat-drop and impact marks, exaggerated comic reactions, settings drawn simply in the same line style, thin mauve border frame. Re-cut V1-04, PC-02, V1-10. 16:9 frame, consistent character design, no text, no letters, no logos, no watermark, leave clean space for overlays added in edit.","New Post-button sob animation in the editor.",""
"OU-05","Outro","3:52.0","2.8","P1","heart","But being my love? (2s of near-silence)","WS, still","Locked. Nothing moves except the cats","Evening on the couch. The cats curl up. They hold hands. On the coffee table, the phone’s GPS quietly reads ‘You have arrived’. Hold through the silence.","Both: peaceful.","Phone: You have arrived","","Everything bursts on the drop","I2V","Simple doodle comic style (locked look: mauve ink + accent colours): clean smooth black ink outlines, very simple faces with small line or dot eyes and soft smiles, gentler and slightly less chibi proportions, mostly white fills with flat dusty mauve-pink shading plus a pale warm peach wash for lamp light or golden light, small flat muted accent colours only on key items (muted mustard yellow for Tiff's cardigan, muted teal (dark cyan) for Adrian's hoodie, cream with red spots for Spinda), no gradients, calm uncluttered composition, settings drawn simply in the same line style, thin mauve border frame. Quiet evening living room, warm lamp light, Tiff, a cheerful woman, [HAIR — e.g. long wavy hair], no glasses, about the same height as Adrian, cosy muted mustard yellow cardigan, striped socks with mustard stripes, phone almost always in hand with a small Spinda plush keychain hanging from it on a short strap and Adrian, a lanky man, [HAIR — e.g. short messy hair], no glasses, about the same height as Tiff, muted teal (dark cyan) hoodie, tired-but-fond eyes, deadpan expression by default on the couch holding hands, two cats curled up beside them, a phone on the coffee table glowing softly. 16:9 frame, consistent character design, no text, no letters, no logos, no watermark, leave clean space for overlays added in edit.","Almost still: cats breathe, a tail flicks, lamp glow.","This is the brief’s quiet ending, placed in the silence the song gives us."
"OU-06","Outro","3:54.8","9.6","P1","gag","You get that just right. (final drop)","WS → crane up","Pull back and up as the room fills","On the drop, the whole film comes back to celebrate around them: the cats in crowns, the avatar friends, the versions of Adrian, a wave of Spindas, the smug sun in a party hat, the Post button dancing. Tiff and Adrian stay in the middle, still holding hands.","Everyone: joy. The couple: just looking at each other.","","","Confetti wipe to the end card","I2V","Simple doodle comic style (locked look: mauve ink + accent colours): clean smooth black ink outlines of even medium weight, very simple faces with small line or dot eyes, simple expressive mouths and little blush marks, chibi proportions with big heads and small bodies, mostly white fills with flat dusty mauve-pink shading on hair and shadows, small flat muted accent colours only on key items (muted mustard yellow for Tiff's cardigan, muted teal (dark cyan) for Adrian's hoodie, cream with red spots for Spinda), no gradients, hand-drawn sparkle, sweat-drop and impact marks, exaggerated comic reactions, settings drawn simply in the same line style, thin mauve border frame. Joyful finale party in a living room: Tiff, a cheerful woman, [HAIR — e.g. long wavy hair], no glasses, about the same height as Adrian, cosy muted mustard yellow cardigan, striped socks with mustard stripes, phone almost always in hand with a small Spinda plush keychain hanging from it on a short strap and Adrian, a lanky man, [HAIR — e.g. short messy hair], no glasses, about the same height as Tiff, muted teal (dark cyan) hoodie, tired-but-fond eyes, deadpan expression by default holding hands in the centre, surrounded by cats wearing crowns, four generic cartoon friends cheering, several versions of Adrian dancing, a wave of Spinda plushies, a cartoon sun with a party hat in the window, confetti everywhere. 16:9 frame, consistent character design, no text, no letters, no logos, no watermark, leave clean space for overlays added in edit.","Camera pulls back and rises as everyone dances around the still couple.","Decided: the quiet moment lives in the 2-second stop (OU-05), and the film celebrates on the drop."
"OU-07","Outro","4:04.4","11.2","P1","heart","(vocal-chop tail)","Title card","—","End card over the closing chops: Happy Birthday, My Love ❤️. No number, in keeping with ‘No numbers disclosed’. A tiny Spinda wobbles across under the text.","","Happy Birthday, My Love ❤️","","Hold to the end of the song (4:15.6)","Editor","Simple doodle comic style (locked look: mauve ink + accent colours): clean smooth black ink outlines, very simple faces with small line or dot eyes and soft smiles, gentler and slightly less chibi proportions, mostly white fills with flat dusty mauve-pink shading plus a pale warm peach wash for lamp light or golden light, small flat muted accent colours only on key items (muted mustard yellow for Tiff's cardigan, muted teal (dark cyan) for Adrian's hoodie, cream with red spots for Spinda), no gradients, calm uncluttered composition, settings drawn simply in the same line style, thin mauve border frame. Build in the editor.. 16:9 frame, consistent character design, no text, no letters, no logos, no watermark, leave clean space for overlays added in edit.","—","Decided: no number on the end card. The 41 only appears on EXIT 41 and the cake candles."
"OU-08","Outro","4:15.6","3.0","P1","gag","(after the music ends)","MCU","Locked, then cut to black","Silence. Tiff picks the phone up. The GPS voice: ‘Recalculating…’. She looks at Adrian, guilty. Cut to black.","Tiff: caught. Adrian: resigned love.","GPS: Recalculating…","GPS voice line","Cut to black","I2V","Simple doodle comic style (locked look: mauve ink + accent colours): clean smooth black ink outlines of even medium weight, very simple faces with small line or dot eyes, simple expressive mouths and little blush marks, chibi proportions with big heads and small bodies, mostly white fills with flat dusty mauve-pink shading on hair and shadows, small flat muted accent colours only on key items (muted mustard yellow for Tiff's cardigan, muted teal (dark cyan) for Adrian's hoodie, cream with red spots for Spinda), no gradients, hand-drawn sparkle, sweat-drop and impact marks, exaggerated comic reactions, settings drawn simply in the same line style, thin mauve border frame. Tiff, a cheerful woman, [HAIR — e.g. long wavy hair], no glasses, about the same height as Adrian, cosy muted mustard yellow cardigan, striped socks with mustard stripes, phone almost always in hand with a small Spinda plush keychain hanging from it on a short strap on the couch holding her phone, looking sideways at Adrian, a lanky man, [HAIR — e.g. short messy hair], no glasses, about the same height as Tiff, muted teal (dark cyan) hoodie, tired-but-fond eyes, deadpan expression by default with a guilty grin, warm lamp light. 16:9 frame, consistent character design, no text, no letters, no logos, no watermark, leave clean space for overlays added in edit.","She slowly turns her eyes to him; hold.","A 3-second tag after the song. Use the same GPS voice as the pre-roll: record it, or generate it with a text-to-speech voice."
